sample_id,timestamp,fix_id,duration,fix_x,fix_Y,pt_x,pt_y
1,1529085905649431,-1,-1,0,0,-1280,-1024
2,1529085905657764,-1,-1,0,0,-1280,-1024
3,1529085905666051,-1,-1,0,0,-1280,-1024
4,1529085905674384,-1,-1,0,0,-1280,-1024
5,1529085905682851,-1,-1,0,0,-1280,-1024
6,1529085905691161,-1,-1,0,0,-1280,-1024
7,1529085905699494,-1,-1,0,0,-1280,-1024
8,1529085905707717,-1,-1,0,0,568.7823920795927,649.007338662399
9,1529085905716095,-1,-1,0,0,570.5658711366414,651.5791778663406
10,1529085905724339,1,116610,571.8811121025647,649.5901167092845,570.0249553026515,649.3843768867664
11,1529085905732844,1,116610,571.8811121025647,649.5901167092845,570.6466076643846,649.3222814329201
12,1529085905740971,1,116610,571.8811121025647,649.5901167092845,571.4301817191881,648.5164863354294
13,1529085905749467,1,116610,571.8811121025647,649.5901167092845,572.3744668728614,645.4692219558638
14,1529085905757585,1,116610,571.8811121025647,649.5901167092845,571.1519452184439,645.7517548776232
15,1529085905766087,1,116610,571.8811121025647,649.5901167092845,569.8007417851477,648.6404951901641
16,1529085905774207,1,116610,571.8811121025647,649.5901167092845,571.0872545612801,650.5687572687166
17,1529085905782725,1,116610,571.8811121025647,649.5901167092845,568.8614471399342,650.8318932880647
18,1529085905790956,1,116610,571.8811121025647,649.5901167092845,569.8472147696884,650.1710502390051
19,1529085905799334,1,116610,571.8811121025647,649.5901167092845,569.4176733167842,645.1261737480527
20,1529085905807576,1,116610,571.8811121025647,649.5901167092845,570.2611663937569,646.7720395798096
21,1529085905816082,1,116610,571.8811121025647,649.5901167092845,572.0456976568676,650.4813186035026
22,1529085905824200,1,116610,571.8811121025647,649.5901167092845,572.1712397092779,651.7808544929139
23,1529085905832720,1,116610,571.8811121025647,649.5901167092845,570.7787082499999,655.007167496602
24,1529085905840949,1,116610,571.8811121025647,649.5901167092845,588.3173811782035,656.027879243833
25,1529085905849322,-1,-1,0,0,644.5989021728747,660.9512613312108
26,1529085905857570,-1,-1,0,0,690.8584447386966,666.5703119381797
27,1529085905866074,-1,-1,0,0,698.3407945900399,665.2915208627237
28,1529085905874190,-1,-1,0,0,695.7320218015229,665.885014846921
29,1529085905882710,-1,-1,0,0,695.2338604938996,669.2200580079807
30,1529085905890815,-1,-1,0,0,696.5931628554245,669.1910584289581
31,1529085905899324,-1,-1,0,0,698.319119267253,669.5071894159773
32,1529085905907437,-1,-1,0,0,694.3355899567541,668.0597574296407
33,1529085905915944,-1,-1,0,0,692.9846595304844,666.2327531228075
34,1529085905924186,-1,-1,0,0,695.4160075196705,665.7849466933403
35,1529085905932566,-1,-1,0,0,693.5103163523308,669.9832092105644
36,1529085905940809,-1,-1,0,0,692.5614119588863,668.8373155480949
37,1529085905949313,-1,-1,0,0,692.4299923531362,666.4795550553827
38,1529085905957431,-1,-1,0,0,692.4560620402917,669.0482685735915
39,1529085905965935,-1,-1,0,0,694.8092494493176,666.9138588459464
40,1529085905974179,-1,-1,0,0,696.9612022028014,664.6268323237309
41,1529085905982557,-1,-1,0,0,697.7786480159557,663.7777628492331
42,1529085905990802,-1,-1,0,0,697.5872885130229,663.7190134358825
43,1529085905999305,-1,-1,0,0,694.7755608250736,665.7159781187074
44,1529085906007423,-1,-1,0,0,696.4605162756925,665.3787411933299
45,1529085906015928,-1,-1,0,0,696.0988521431864,663.396252784878
46,1529085906024046,-1,-1,0,0,693.8929464938701,662.3749558362179
47,1529085906032552,-1,-1,0,0,697.2113924071891,662.1772534886841
48,1529085906040796,-1,-1,0,0,696.639496361604,662.168889307417
49,1529085906049176,-1,-1,0,0,692.047033761628,663.9235784799093
50,1529085906057420,-1,-1,0,0,694.9827283530612,663.8664862995502
51,1529085906065799,-1,-1,0,0,700.0166362008895,664.3761707359226
52,1529085906074042,-1,-1,0,0,698.5731404596299,662.4636293681106
53,1529085906082549,-1,-1,0,0,696.4633455079456,660.9518779105274
54,1529085906090665,-1,-1,0,0,696.7806722856767,661.7385387211107
55,1529085906099174,-1,-1,0,0,699.0474152527167,659.0241410681047
56,1529085906107290,-1,-1,0,0,700.393134336191,659.3792323804228
57,1529085906115794,-1,-1,0,0,699.0883587808639,658.2754904391477
58,1529085906124035,-1,-1,0,0,697.4058005858387,661.9586443043081
59,1529085906132540,-1,-1,0,0,699.8885699016682,665.6460182565497
60,1529085906140665,-1,-1,0,0,699.2128032306209,665.2232614746317
61,1529085906149163,-1,-1,0,0,696.8601835775189,663.3356157474918
62,1529085906157282,-1,-1,0,0,695.7936436335149,663.0814085183665
63,1529085906165788,-1,-1,0,0,697.2248780452355,664.4402129529044
64,1529085906174029,-1,-1,0,0,699.1613360625342,665.826098952326
65,1529085906182410,-1,-1,0,0,696.659325863584,660.4182258897927
66,1529085906190654,-1,-1,0,0,695.101435588731,659.6327627507271
67,1529085906199034,-1,-1,0,0,697.9384739136731,661.0459594841814
68,1529085906207277,-1,-1,0,0,698.5121119351243,659.3459301765542
69,1529085906215781,-1,-1,0,0,695.7100270538649,659.6244769420009
70,1529085906223899,-1,-1,0,0,696.7549732100451,658.7852736816276
71,1529085906232404,-1,-1,0,0,698.0663178818941,660.1856712253066
72,1529085906240711,-1,-1,0,0,-1280,-1024
73,1529085906249044,-1,-1,0,0,-1280,-1024
74,1529085906257271,-1,-1,0,0,695.1786885589536,659.7559338702122
75,1529085906265665,-1,-1,0,0,693.2399065433128,664.8741665025009
76,1529085906273894,-1,-1,0,0,699.449606139242,649.3897634492023
77,1529085906282398,-1,-1,0,0,724.9998675305687,588.8940637649503
78,1529085906290516,-1,-1,0,0,745.9012249550142,515.4775473240297
79,1529085906299020,-1,-1,0,0,756.9447241959278,479.3412926736055
80,1529085906307328,-1,-1,0,0,-1280,-1024
81,1529085906315661,-1,-1,0,0,-1280,-1024
82,1529085906323954,-1,-1,0,0,-1280,-1024
83,1529085906332287,-1,-1,0,0,-1280,-1024
84,1529085906340507,-1,-1,0,0,770.3873238568485,480.99319991876837
85,1529085906348814,-1,-1,0,0,-1280,-1024
86,1529085906357147,-1,-1,0,0,-1280,-1024
87,1529085906365646,-1,-1,0,0,770.3535449618357,487.8552619490074
88,1529085906373944,-1,-1,0,0,-1280,-1024
89,1529085906382277,-1,-1,0,0,-1280,-1024
90,1529085906390374,-1,-1,0,0,770.4141179808357,484.326850396581
91,1529085906398877,-1,-1,0,0,770.5403593773372,483.8690922000678
92,1529085906407122,-1,-1,0,0,774.4568540422188,485.9520402592607
93,1529085906415504,-1,-1,0,0,771.6148616616556,483.5556809589034
94,1529085906423747,-1,-1,0,0,768.0547869519796,479.3897062119795
95,1529085906432252,-1,-1,0,0,768.0673854491033,481.57696215389296
96,1529085906440367,-1,-1,0,0,765.5954142741393,482.94497454958037
97,1529085906448872,-1,-1,0,0,768.4064983994176,481.1899544291664
98,1529085906457117,-1,-1,0,0,797.1734354743967,479.92399182054214
99,1529085906465503,-1,-1,0,0,852.1718859532848,474.3008476329269
100,1529085906473741,-1,-1,0,0,888.9257607146283,469.4810249914881
101,1529085906482248,2,1257072,903.678109691167,472.8834926517208,909.3699065358669,469.2210661523277
102,1529085906490364,2,1257072,903.678109691167,472.8834926517208,922.0964492448547,468.39695152209606
103,1529085906498863,2,1257072,903.678109691167,472.8834926517208,915.5905704924953,466.4935207592789
104,1529085906507170,2,1257072,903.678109691167,472.8834926517208,-1280,-1024
105,1529085906515503,2,1257072,903.678109691167,472.8834926517208,-1280,-1024
106,1529085906523800,2,1257072,903.678109691167,472.8834926517208,-1280,-1024
107,1529085906532133,2,1257072,903.678109691167,472.8834926517208,-1280,-1024
108,1529085906540410,2,1257072,903.678109691167,472.8834926517208,-1280,-1024
109,1529085906548743,2,1257072,903.678109691167,472.8834926517208,-1280,-1024
110,1529085906557076,2,1257072,903.678109691167,472.8834926517208,-1280,-1024
111,1529085906565336,2,1257072,903.678109691167,472.8834926517208,-1280,-1024
112,1529085906573669,2,1257072,903.678109691167,472.8834926517208,-1280,-1024
113,1529085906582099,2,1257072,903.678109691167,472.8834926517208,908.197426974366,476.0062908245018
114,1529085906590405,2,1257072,903.678109691167,472.8834926517208,-1280,-1024
115,1529085906598738,2,1257072,903.678109691167,472.8834926517208,-1280,-1024
116,1529085906606842,2,1257072,903.678109691167,472.8834926517208,908.3644381497288,476.31770273053553
117,1529085906615465,2,1257072,903.678109691167,472.8834926517208,907.5650262895215,476.9942424640758
118,1529085906623592,2,1257072,903.678109691167,472.8834926517208,903.2376371980354,478.0502437414834
119,1529085906632097,2,1257072,903.678109691167,472.8834926517208,904.4396759293159,475.5720511362888
120,1529085906640214,2,1257072,903.678109691167,472.8834926517208,904.1090884512232,475.17478584183846
121,1529085906648723,2,1257072,903.678109691167,472.8834926517208,904.3819876071939,475.1326506679179
122,1529085906656965,2,1257072,903.678109691167,472.8834926517208,905.3117767129152,472.2901477632113
123,1529085906665347,2,1257072,903.678109691167,472.8834926517208,903.0164556819363,473.3957321110647
124,1529085906673588,2,1257072,903.678109691167,472.8834926517208,907.196526339103,475.3275200687349
125,1529085906681966,2,1257072,903.678109691167,472.8834926517208,911.3902411404706,472.71968535345513
126,1529085906690212,2,1257072,903.678109691167,472.8834926517208,911.4845315388811,469.6714332847623
127,1529085906698714,2,1257072,903.678109691167,472.8834926517208,911.8923296227877,469.12950302427635
128,1529085906706835,2,1257072,903.678109691167,472.8834926517208,913.9546443927975,471.1066222548252
129,1529085906715340,2,1257072,903.678109691167,472.8834926517208,910.5909310300194,479.1253734268248
130,1529085906723456,2,1257072,903.678109691167,472.8834926517208,910.2037731881137,479.7349304202944
131,1529085906731960,2,1257072,903.678109691167,472.8834926517208,910.1473965843616,476.8494028458372
132,1529085906740079,2,1257072,903.678109691167,472.8834926517208,908.5724284156458,478.9147093069041
133,1529085906748587,2,1257072,903.678109691167,472.8834926517208,912.4775846872944,476.2161874396261
134,1529085906756827,2,1257072,903.678109691167,472.8834926517208,912.4696441795095,477.006189894164
135,1529085906765207,2,1257072,903.678109691167,472.8834926517208,910.8207494544331,483.36638852604665
136,1529085906773452,2,1257072,903.678109691167,472.8834926517208,911.1017823408474,482.520394304418
137,1529085906781955,2,1257072,903.678109691167,472.8834926517208,908.827793096425,482.6432511898456
138,1529085906790195,2,1257072,903.678109691167,472.8834926517208,907.7234658284578,481.83344333956484
139,1529085906798578,2,1257072,903.678109691167,472.8834926517208,907.1741936562466,483.657261233544
140,1529085906806819,2,1257072,903.678109691167,472.8834926517208,907.6592059021641,481.51112162158825
141,1529085906815203,2,1257072,903.678109691167,472.8834926517208,908.367512923578,480.4388061478967
142,1529085906823445,2,1257072,903.678109691167,472.8834926517208,912.5704332892201,480.83334389084484
143,1529085906831949,2,1257072,903.678109691167,472.8834926517208,913.9395003081881,478.2569315582514
144,1529085906840066,2,1257072,903.678109691167,472.8834926517208,909.4589456912945,477.8199306454044
145,1529085906848570,2,1257072,903.678109691167,472.8834926517208,909.9962311531999,476.325822992716
146,1529085906856689,2,1257072,903.678109691167,472.8834926517208,907.0145128031436,476.4810199823696
147,1529085906865193,2,1257072,903.678109691167,472.8834926517208,905.5741793842753,474.22091551998165
148,1529085906873434,2,1257072,903.678109691167,472.8834926517208,909.3815257627284,474.58867817069404
149,1529085906881814,2,1257072,903.678109691167,472.8834926517208,908.7474755106086,475.8511731470935
150,1529085906890058,2,1257072,903.678109691167,472.8834926517208,908.2743318789289,475.4937673798995
151,1529085906898437,2,1257072,903.678109691167,472.8834926517208,911.9510065543,474.8927336880006
152,1529085906906680,2,1257072,903.678109691167,472.8834926517208,911.9711672914855,475.46501374372747
153,1529085906915188,2,1257072,903.678109691167,472.8834926517208,906.9837308266142,477.4393677265616
154,1529085906923304,2,1257072,903.678109691167,472.8834926517208,904.910526649328,477.4076434997842
155,1529085906931808,2,1257072,903.678109691167,472.8834926517208,906.1768656398635,477.43457961059175
156,1529085906940052,2,1257072,903.678109691167,472.8834926517208,906.26980841349,476.97077804023866
157,1529085906948557,2,1257072,903.678109691167,472.8834926517208,907.0695289778814,476.82974342419766
158,1529085906956676,2,1257072,903.678109691167,472.8834926517208,908.8050554631627,475.2937199876178
159,1529085906965178,2,1257072,903.678109691167,472.8834926517208,904.6751895283523,472.72276943549514
160,1529085906973294,2,1257072,903.678109691167,472.8834926517208,901.0124452887976,474.747755078366
161,1529085906981802,2,1257072,903.678109691167,472.8834926517208,903.7075372853724,477.004444263177
162,1529085906989919,2,1257072,903.678109691167,472.8834926517208,902.969714783394,477.06235053401906
163,1529085906998425,2,1257072,903.678109691167,472.8834926517208,904.2460251039302,476.7201758286683
164,1529085907006669,2,1257072,903.678109691167,472.8834926517208,903.4509891878406,475.8051776079228
165,1529085907015050,2,1257072,903.678109691167,472.8834926517208,902.489085226407,471.43088615417946
166,1529085907023291,2,1257072,903.678109691167,472.8834926517208,905.0297287070134,469.83890107867774
167,1529085907031796,2,1257072,903.678109691167,472.8834926517208,902.7539973963576,472.77328831504565
168,1529085907039913,2,1257072,903.678109691167,472.8834926517208,900.1559280326182,473.8788401411148
169,1529085907048416,2,1257072,903.678109691167,472.8834926517208,900.2774401260831,473.9965191228548
170,1529085907056537,2,1257072,903.678109691167,472.8834926517208,904.6374372398714,470.92446551739704
171,1529085907065039,2,1257072,903.678109691167,472.8834926517208,908.2727484151837,466.10618848423474
172,1529085907073159,2,1257072,903.678109691167,472.8834926517208,905.5656900812755,470.5853614854859
173,1529085907081661,2,1257072,903.678109691167,472.8834926517208,902.893463729124,474.84443058946636
174,1529085907089903,2,1257072,903.678109691167,472.8834926517208,901.5911749734369,474.033046095632
175,1529085907098286,2,1257072,903.678109691167,472.8834926517208,899.9800674941798,475.6057687092107
176,1529085907106528,2,1257072,903.678109691167,472.8834926517208,899.6742550315685,475.4235607869923
177,1529085907115029,2,1257072,903.678109691167,472.8834926517208,902.7494989533443,477.3246291852556
178,1529085907123276,2,1257072,903.678109691167,472.8834926517208,905.0332358865126,479.09315769176465
179,1529085907131655,2,1257072,903.678109691167,472.8834926517208,899.4845769643143,473.52024700213224
180,1529085907139899,2,1257072,903.678109691167,472.8834926517208,898.0087385472143,475.0421231354121
181,1529085907148279,2,1257072,903.678109691167,472.8834926517208,901.252849142038,479.9317213019822
182,1529085907156521,2,1257072,903.678109691167,472.8834926517208,897.5947181825177,475.78772598982323
183,1529085907165029,2,1257072,903.678109691167,472.8834926517208,897.3201120592421,475.6114642614266
184,1529085907173146,2,1257072,903.678109691167,472.8834926517208,899.2769737332128,476.3290115316631
185,1529085907181652,2,1257072,903.678109691167,472.8834926517208,900.2024840211379,473.57346909935586
186,1529085907189769,2,1257072,903.678109691167,472.8834926517208,897.6358755184629,472.6467493318487
187,1529085907198275,2,1257072,903.678109691167,472.8834926517208,899.8368817000301,471.5629128869623
188,1529085907206515,2,1257072,903.678109691167,472.8834926517208,902.6973137249297,468.99468899075873
189,1529085907214898,2,1257072,903.678109691167,472.8834926517208,901.7218328612216,466.6178103440907
190,1529085907223139,2,1257072,903.678109691167,472.8834926517208,898.6835961545876,468.1593388572801
191,1529085907231518,2,1257072,903.678109691167,472.8834926517208,896.5028365925536,476.2907844474539
192,1529085907239763,2,1257072,903.678109691167,472.8834926517208,898.0828384362394,477.10426135151647
193,1529085907248266,2,1257072,903.678109691167,472.8834926517208,897.1774154496961,470.8215164219728
194,1529085907256384,2,1257072,903.678109691167,472.8834926517208,897.122809746943,470.4895670393016
195,1529085907264888,2,1257072,903.678109691167,472.8834926517208,900.7630834674637,472.9509013904026
196,1529085907273006,2,1257072,903.678109691167,472.8834926517208,905.3965916081506,470.8254060696345
197,1529085907281631,2,1257072,903.678109691167,472.8834926517208,899.3075335689355,469.77676270063967
198,1529085907289755,2,1257072,903.678109691167,472.8834926517208,897.4501982197398,467.6820936233271
199,1529085907298259,2,1257072,903.678109691167,472.8834926517208,897.510887649405,468.5632216380909
200,1529085907306376,2,1257072,903.678109691167,472.8834926517208,897.9120269085979,475.82651086046826
201,1529085907314882,2,1257072,903.678109691167,472.8834926517208,896.5524347842438,470.8994626585627
202,1529085907323002,2,1257072,903.678109691167,472.8834926517208,893.970292245067,467.40922755596694
203,1529085907331501,2,1257072,903.678109691167,472.8834926517208,897.9933984465606,470.7831104064826
204,1529085907339749,2,1257072,903.678109691167,472.8834926517208,897.4646197704715,472.74629110784736
205,1529085907348128,2,1257072,903.678109691167,472.8834926517208,895.7885970904317,477.4932737585623
206,1529085907356372,2,1257072,903.678109691167,472.8834926517208,897.8798920140252,476.5873662478989
207,1529085907364874,2,1257072,903.678109691167,472.8834926517208,900.1180477906018,469.9833873237949
208,1529085907372993,2,1257072,903.678109691167,472.8834926517208,896.1482233872812,468.19146629655734
209,1529085907381498,2,1257072,903.678109691167,472.8834926517208,895.2468313511054,470.32184129941743
210,1529085907389633,2,1257072,903.678109691167,472.8834926517208,898.4441918105586,470.81595109705813
211,1529085907398119,2,1257072,903.678109691167,472.8834926517208,898.2317267330654,468.89308626262937
212,1529085907406237,2,1257072,903.678109691167,472.8834926517208,900.3908026036515,467.9573446440045
213,1529085907414741,2,1257072,903.678109691167,472.8834926517208,901.2255202335655,472.05879226967227
214,1529085907422986,2,1257072,903.678109691167,472.8834926517208,897.9446504391672,470.9585140106501
215,1529085907431364,2,1257072,903.678109691167,472.8834926517208,896.9657332409406,468.5712276168633
216,1529085907439623,2,1257072,903.678109691167,472.8834926517208,895.962329619797,470.8275738048833
217,1529085907448112,2,1257072,903.678109691167,472.8834926517208,894.3092668247118,466.9211920519592
218,1529085907456353,2,1257072,903.678109691167,472.8834926517208,897.970134527277,464.9072069384856
219,1529085907464737,2,1257072,903.678109691167,472.8834926517208,899.687951769447,469.7967369699618
220,1529085907472977,2,1257072,903.678109691167,472.8834926517208,896.5476636160747,475.0355569100939
221,1529085907481357,2,1257072,903.678109691167,472.8834926517208,898.509786221839,472.8970411205664
222,1529085907489617,2,1257072,903.678109691167,472.8834926517208,900.3357875418442,469.36614734481554
223,1529085907498105,2,1257072,903.678109691167,472.8834926517208,896.2702783182613,470.0478458326543
224,1529085907506224,2,1257072,903.678109691167,472.8834926517208,898.4136786522868,472.38780418306123
225,1529085907514732,2,1257072,903.678109691167,472.8834926517208,900.433154348284,468.83231766847894
226,1529085907522847,2,1257072,903.678109691167,472.8834926517208,899.031096342078,467.27239407610614
227,1529085907531356,2,1257072,903.678109691167,472.8834926517208,901.4319854555652,466.1349241686985
228,1529085907539626,2,1257072,903.678109691167,472.8834926517208,904.8698895957205,463.99323063646443
229,1529085907547980,2,1257072,903.678109691167,472.8834926517208,903.9598843389831,468.6549955304945
230,1529085907556218,2,1257072,903.678109691167,472.8834926517208,898.7147445332084,470.48690068512224
231,1529085907564598,2,1257072,903.678109691167,472.8834926517208,896.9482237048214,472.4500321749365
232,1529085907572842,2,1257072,903.678109691167,472.8834926517208,899.8374052885629,469.35952504037414
233,1529085907581353,2,1257072,903.678109691167,472.8834926517208,903.14216389379,466.84745898703113
234,1529085907589465,2,1257072,903.678109691167,472.8834926517208,906.8793460437155,466.9214865580434
235,1529085907597968,2,1257072,903.678109691167,472.8834926517208,907.3795707516547,467.5475264370907
236,1529085907606087,2,1257072,903.678109691167,472.8834926517208,903.5932870843681,469.7603501457488
237,1529085907614718,2,1257072,903.678109691167,472.8834926517208,901.7858349424205,469.67707252921537
238,1529085907622835,2,1257072,903.678109691167,472.8834926517208,904.5975763912429,470.1371600794373
239,1529085907631334,2,1257072,903.678109691167,472.8834926517208,905.7012782357924,472.0311033660546
240,1529085907639456,2,1257072,903.678109691167,472.8834926517208,900.3786151764507,471.57185852201656
241,1529085907647961,2,1257072,903.678109691167,472.8834926517208,904.4908457397833,467.08858959109057
242,1529085907656078,2,1257072,903.678109691167,472.8834926517208,909.1317680654174,466.0765688746469
243,1529085907664583,2,1257072,903.678109691167,472.8834926517208,906.9903515855549,467.49203393410426
244,1529085907672828,2,1257072,903.678109691167,472.8834926517208,909.340728524985,468.65286975493655
245,1529085907681207,2,1257072,903.678109691167,472.8834926517208,910.3025509757572,469.866560427472
246,1529085907689451,2,1257072,903.678109691167,472.8834926517208,908.964531665697,467.57466841104906
247,1529085907697955,2,1257072,903.678109691167,472.8834926517208,907.3784442168835,468.07159436668735
248,1529085907706073,2,1257072,903.678109691167,472.8834926517208,907.0934800048417,467.0300926407799
249,1529085907714578,2,1257072,903.678109691167,472.8834926517208,899.9957005422038,468.879232470179
250,1529085907722695,2,1257072,903.678109691167,472.8834926517208,899.801326127199,468.83096700778697
251,1529085907731208,2,1257072,903.678109691167,472.8834926517208,903.7605726343463,464.79264402540866
252,1529085907739320,2,1257072,903.678109691167,472.8834926517208,901.3694452993514,470.2280812850222
253,1529085907747827,-1,-1,0,0,924.2700306286861,449.2067029455211
254,1529085907756068,-1,-1,0,0,948.7700014858274,379.87708114250563
255,1529085907764450,-1,-1,0,0,952.4441507559095,296.1865745872492
256,1529085907772690,-1,-1,0,0,957.4606084472907,232.50591317249928
257,1529085907781204,3,283091,969.7638755818278,215.04211289204,962.9662398266373,212.74833696102723
258,1529085907789507,3,283091,969.7638755818278,215.04211289204,-1280,-1024
259,1529085907797840,3,283091,969.7638755818278,215.04211289204,-1280,-1024
260,1529085907806059,3,283091,969.7638755818278,215.04211289204,971.387837841321,209.96722659899388
261,1529085907814441,3,283091,969.7638755818278,215.04211289204,972.0294766730512,209.2724696038058
262,1529085907822682,3,283091,969.7638755818278,215.04211289204,966.3249107034062,203.55515564326197
263,1529085907831065,3,283091,969.7638755818278,215.04211289204,971.924612459843,217.387679225998
264,1529085907839303,3,283091,969.7638755818278,215.04211289204,970.4052367554686,211.95856068679132
265,1529085907847687,3,283091,969.7638755818278,215.04211289204,967.8056177007966,213.07332610955928
266,1529085907855929,3,283091,969.7638755818278,215.04211289204,970.1180476433365,209.59845675097313
267,1529085907864435,3,283091,969.7638755818278,215.04211289204,968.3930013736244,208.1131854755804
268,1529085907872569,3,283091,969.7638755818278,215.04211289204,970.0984290591441,211.09454000880942
269,1529085907881057,3,283091,969.7638755818278,215.04211289204,968.7318809599674,217.12000305682886
270,1529085907889298,3,283091,969.7638755818278,215.04211289204,964.8739283706527,218.04642477771267
271,1529085907897682,3,283091,969.7638755818278,215.04211289204,969.1548100985528,212.69771769305225
272,1529085907905920,3,283091,969.7638755818278,215.04211289204,969.9591400503414,214.80801591312047
273,1529085907914318,3,283091,969.7638755818278,215.04211289204,969.6447737322887,216.95609796710778
274,1529085907922553,3,283091,969.7638755818278,215.04211289204,971.7293319050805,215.62843712081667
275,1529085907931049,3,283091,969.7638755818278,215.04211289204,969.5342016044015,215.74116052722093
276,1529085907939169,3,283091,969.7638755818278,215.04211289204,969.6304219585727,215.81107799045276
277,1529085907947675,3,283091,969.7638755818278,215.04211289204,965.7898823363939,215.3536782306619
278,1529085907955916,3,283091,969.7638755818278,215.04211289204,974.7269944076834,209.65182285394985
279,1529085907964309,3,283091,969.7638755818278,215.04211289204,972.6539484802925,213.2656908222707
280,1529085907972605,3,283091,969.7638755818278,215.04211289204,-1280,-1024
281,1529085907980938,3,283091,969.7638755818278,215.04211289204,-1280,-1024
282,1529085907989294,3,283091,969.7638755818278,215.04211289204,-1280,-1024
283,1529085907997627,3,283091,969.7638755818278,215.04211289204,-1280,-1024
284,1529085908005779,3,283091,969.7638755818278,215.04211289204,970.3748006363458,219.84142857871484
285,1529085908014413,3,283091,969.7638755818278,215.04211289204,973.0197859149484,216.78000825759955
286,1529085908022535,3,283091,969.7638755818278,215.04211289204,969.8945636519056,218.04097834322602
287,1529085908031034,3,283091,969.7638755818278,215.04211289204,971.7983983689919,220.86448274145368
288,1529085908039151,3,283091,969.7638755818278,215.04211289204,972.0358709202264,223.20208235748578
289,1529085908047657,3,283091,969.7638755818278,215.04211289204,969.0724599419627,224.53593795665074
290,1529085908055776,3,283091,969.7638755818278,215.04211289204,968.1943886078079,221.0714821626898
291,1529085908064295,3,283091,969.7638755818278,215.04211289204,970.8793998899637,220.03580945334397
292,1529085908072523,-1,-1,0,0,994.9000541842543,212.86612233240157
293,1529085908080903,4,149974,1009.5336064276528,203.82243612877363,1017.3464041852276,200.86356698558666
294,1529085908089146,4,149974,1009.5336064276528,203.82243612877363,1018.8783811572648,198.6272685462609
295,1529085908097651,4,149974,1009.5336064276528,203.82243612877363,1012.891756384779,203.27374990668613
296,1529085908105768,4,149974,1009.5336064276528,203.82243612877363,1010.8507542453299,205.55158208718058
297,1529085908114289,4,149974,1009.5336064276528,203.82243612877363,1009.6983181929681,208.50064127077349
298,1529085908122519,4,149974,1009.5336064276528,203.82243612877363,1007.9646269054501,206.64601261913776
299,1529085908130896,4,149974,1009.5336064276528,203.82243612877363,1014.3522892121109,205.5437637041323
300,1529085908139138,4,149974,1009.5336064276528,203.82243612877363,1005.5153792729834,199.1921416055411
301,1529085908147517,4,149974,1009.5336064276528,203.82243612877363,1011.9827425121912,206.42434351611882
302,1529085908155761,4,149974,1009.5336064276528,203.82243612877363,1014.2001883930061,198.1264893671032
303,1529085908164141,4,149974,1009.5336064276528,203.82243612877363,1010.3227187035372,200.50501764798537
304,1529085908172386,4,149974,1009.5336064276528,203.82243612877363,1008.5832474766357,201.50459332962055
305,1529085908180887,4,149974,1009.5336064276528,203.82243612877363,1009.0461573586799,203.4130665534176
306,1529085908189003,4,149974,1009.5336064276528,203.82243612877363,1007.4175809748704,202.33979666768573
307,1529085908197509,4,149974,1009.5336064276528,203.82243612877363,1007.7485030400567,205.76315683557186
308,1529085908205753,4,149974,1009.5336064276528,203.82243612877363,1008.4202815682511,210.4268937598681
309,1529085908214133,4,149974,1009.5336064276528,203.82243612877363,1006.9145319740346,207.41775662114378
310,1529085908222376,4,149974,1009.5336064276528,203.82243612877363,1006.5566299302736,204.8635819463525
311,1529085908230877,4,149974,1009.5336064276528,203.82243612877363,992.4480306377518,203.6428634765325
312,1529085908238995,-1,-1,0,0,911.0959234507754,194.09858197136782
313,1529085908247496,-1,-1,0,0,780.7395786812413,187.542917995248
314,1529085908255743,-1,-1,0,0,549.1794348999974,184.5286648866022
315,1529085908264121,-1,-1,0,0,501.5653157385532,195.13252971170004
316,1529085908272240,-1,-1,0,0,410.9228733582131,215.4787635555258
317,1529085908280744,-1,-1,0,0,359.47518907065387,245.08104631642345
318,1529085908288986,5,291585,375.16708965861216,253.20158790212895,356.36105853816844,259.3960688817315
319,1529085908297364,5,291585,375.16708965861216,253.20158790212895,366.8572368231253,279.6249674363062
320,1529085908305607,5,291585,375.16708965861216,253.20158790212895,364.19163146885694,246.54464183852542
321,1529085908314112,5,291585,375.16708965861216,253.20158790212895,366.10088456611265,252.86872730555478
322,1529085908322229,5,291585,375.16708965861216,253.20158790212895,368.98056032077875,258.0103665518109
323,1529085908330734,5,291585,375.16708965861216,253.20158790212895,373.8618006792967,251.34660129179247
324,1529085908338977,5,291585,375.16708965861216,253.20158790212895,373.36721344690886,250.88134559395257
325,1529085908347357,5,291585,375.16708965861216,253.20158790212895,371.0168611498375,253.9462498978246
326,1529085908355602,5,291585,375.16708965861216,253.20158790212895,372.1354599315964,249.45184988784604
327,1529085908363977,5,291585,375.16708965861216,253.20158790212895,375.61630270807655,252.7676564018475
328,1529085908372223,5,291585,375.16708965861216,253.20158790212895,378.8360330215073,254.8604753712425
329,1529085908380725,5,291585,375.16708965861216,253.20158790212895,377.91030820910237,252.05440415150952
330,1529085908388848,5,291585,375.16708965861216,253.20158790212895,378.4110313677229,251.45989698695485
331,1529085908397354,5,291585,375.16708965861216,253.20158790212895,382.6797229531803,237.3664137639571
332,1529085908405593,5,291585,375.16708965861216,253.20158790212895,375.5771728065156,250.34769208484795
333,1529085908413974,5,291585,375.16708965861216,253.20158790212895,-1280,-1024
334,1529085908422283,5,291585,375.16708965861216,253.20158790212895,-1280,-1024
335,1529085908430616,5,291585,375.16708965861216,253.20158790212895,-1280,-1024
336,1529085908438975,5,291585,375.16708965861216,253.20158790212895,-1280,-1024
337,1529085908447308,5,291585,375.16708965861216,253.20158790212895,-1280,-1024
338,1529085908455603,5,291585,375.16708965861216,253.20158790212895,-1280,-1024
339,1529085908463936,5,291585,375.16708965861216,253.20158790212895,-1280,-1024
340,1529085908472269,5,291585,375.16708965861216,253.20158790212895,-1280,-1024
341,1529085908480547,5,291585,375.16708965861216,253.20158790212895,-1280,-1024
342,1529085908488880,5,291585,375.16708965861216,253.20158790212895,-1280,-1024
343,1529085908497333,5,291585,375.16708965861216,253.20158790212895,385.6976588514226,253.39552840404212
344,1529085908505451,5,291585,375.16708965861216,253.20158790212895,381.37759061166435,257.828806779813
345,1529085908513956,5,291585,375.16708965861216,253.20158790212895,383.11627498595044,251.4454513124656
346,1529085908522073,5,291585,375.16708965861216,253.20158790212895,376.1464171599073,249.81660529586952
347,1529085908530578,5,291585,375.16708965861216,253.20158790212895,382.2503813850926,260.3069340744987
348,1529085908538890,5,291585,375.16708965861216,253.20158790212895,-1280,-1024
349,1529085908547223,5,291585,375.16708965861216,253.20158790212895,-1280,-1024
350,1529085908555442,5,291585,375.16708965861216,253.20158790212895,370.5836566600192,236.63746491016354
351,1529085908563823,5,291585,375.16708965861216,253.20158790212895,-1280,-1024
352,1529085908572061,5,291585,375.16708965861216,253.20158790212895,381.5264043316711,256.10044410370756
353,1529085908580571,5,291585,375.16708965861216,253.20158790212895,386.24140017156606,257.1779294227017
354,1529085908588896,-1,-1,0,0,-1280,-1024
355,1529085908597229,-1,-1,0,0,-1280,-1024
356,1529085908605520,-1,-1,0,0,-1280,-1024
357,1529085908613853,-1,-1,0,0,-1280,-1024
358,1529085908622062,-1,-1,0,0,428.64523928335984,506.6190568767488
359,1529085908630562,-1,-1,0,0,-1280,-1024
360,1529085908638877,-1,-1,0,0,-1280,-1024
361,1529085908647210,-1,-1,0,0,-1280,-1024
362,1529085908655502,-1,-1,0,0,-1280,-1024
363,1529085908663835,-1,-1,0,0,-1280,-1024
364,1529085908672049,-1,-1,0,0,423.7218816319364,541.910198788275
365,1529085908680358,-1,-1,0,0,-1280,-1024
366,1529085908688691,-1,-1,0,0,-1280,-1024
367,1529085908697187,-1,-1,0,0,440.7315550328349,544.8447277026717
368,1529085908705489,-1,-1,0,0,-1280,-1024
369,1529085908713822,-1,-1,0,0,-1280,-1024
370,1529085908722115,-1,-1,0,0,-1280,-1024
371,1529085908730448,-1,-1,0,0,-1280,-1024
372,1529085908738663,-1,-1,0,0,428.5471405820863,537.7802384549286
373,1529085908747176,-1,-1,0,0,430.1184726462816,544.8909399686381
374,1529085908755288,6,108366,424.60295781187597,535.7429387123653,430.30856208177283,543.102249890333
375,1529085908763792,6,108366,424.60295781187597,535.7429387123653,425.95873668105924,543.6998676017392
376,1529085908771909,6,108366,424.60295781187597,535.7429387123653,425.20621871502954,544.3669367667753
377,1529085908780413,6,108366,424.60295781187597,535.7429387123653,426.24494511575904,535.3480839408003
378,1529085908788656,6,108366,424.60295781187597,535.7429387123653,424.76263144868426,534.6716731837951
379,1529085908797043,6,108366,424.60295781187597,535.7429387123653,418.711989823787,539.5162291910965
380,1529085908805289,6,108366,424.60295781187597,535.7429387123653,423.91283700737404,526.2385353797581
381,1529085908813788,6,108366,424.60295781187597,535.7429387123653,428.8310658134287,537.4587035095319
382,1529085908822096,6,108366,424.60295781187597,535.7429387123653,-1280,-1024
383,1529085908830429,6,108366,424.60295781187597,535.7429387123653,-1280,-1024
384,1529085908838527,6,108366,424.60295781187597,535.7429387123653,426.3879841908056,538.1135521818651
385,1529085908847031,6,108366,424.60295781187597,535.7429387123653,423.50528841780033,540.3090795883909
386,1529085908855274,6,108366,424.60295781187597,535.7429387123653,419.7515426107566,529.2157311380142
387,1529085908863654,6,108366,424.60295781187597,535.7429387123653,421.65369183625444,516.8746221762849
388,1529085908871898,-1,-1,0,0,423.21059480003896,497.79297651490197
389,1529085908880277,7,249840,438.4079944210328,499.32603352717047,433.7636755008134,496.40488030342385
390,1529085908888520,7,249840,438.4079944210328,499.32603352717047,436.19736139531597,501.1108329104027
391,1529085908896896,7,249840,438.4079944210328,499.32603352717047,427.73910237738164,504.07124881842174
392,1529085908905145,7,249840,438.4079944210328,499.32603352717047,438.479733770655,494.45720713050105
393,1529085908913647,7,249840,438.4079944210328,499.32603352717047,443.9618433144642,512.5733090529684
394,1529085908921889,7,249840,438.4079944210328,499.32603352717047,427.33917214689427,491.3521713085938
395,1529085908930270,7,249840,438.4079944210328,499.32603352717047,432.57075823275954,495.12111078214366
396,1529085908938512,7,249840,438.4079944210328,499.32603352717047,431.4795096205489,494.34584130498115
397,1529085908946892,7,249840,438.4079944210328,499.32603352717047,430.12898171524284,495.6308629394043
398,1529085908955135,7,249840,438.4079944210328,499.32603352717047,431.49779235594906,499.51473325211555
399,1529085908963515,7,249840,438.4079944210328,499.32603352717047,437.08498215069994,507.83870740176644
400,1529085908971760,7,249840,438.4079944210328,499.32603352717047,437.9038372459763,505.4574881416047
401,1529085908980263,7,249840,438.4079944210328,499.32603352717047,433.8679278890777,497.03066175081767
402,1529085908988506,7,249840,438.4079944210328,499.32603352717047,432.792185316066,496.1665622816654
403,1529085908996888,7,249840,438.4079944210328,499.32603352717047,436.83187647751765,501.59016060386784
404,1529085909005131,7,249840,438.4079944210328,499.32603352717047,428.7973616742238,492.38422602938954
405,1529085909013509,7,249840,438.4079944210328,499.32603352717047,433.85380624153186,502.67822307534516
406,1529085909021752,7,249840,438.4079944210328,499.32603352717047,433.17842677934095,499.7474688431248
407,1529085909030260,7,249840,438.4079944210328,499.32603352717047,443.23082216084003,504.24052362691145
408,1529085909038374,7,249840,438.4079944210328,499.32603352717047,437.4990067323961,498.9126724724192
409,1529085909046879,7,249840,438.4079944210328,499.32603352717047,435.3576821851311,501.94504421111196
410,1529085909055123,7,249840,438.4079944210328,499.32603352717047,431.910937964567,494.7313312711194
411,1529085909063504,7,249840,438.4079944210328,499.32603352717047,439.52190030016936,499.2171058463864
412,1529085909071746,7,249840,438.4079944210328,499.32603352717047,436.633686767309,500.7518605691148
413,1529085909080127,7,249840,438.4079944210328,499.32603352717047,436.5171819560055,499.1764248422114
414,1529085909088367,7,249840,438.4079944210328,499.32603352717047,447.55219676851993,496.3390486172866
415,1529085909096872,7,249840,438.4079944210328,499.32603352717047,457.3924074493698,499.8362766664941
416,1529085909104988,7,249840,438.4079944210328,499.32603352717047,450.02036937279627,496.152298046276
417,1529085909113494,7,249840,438.4079944210328,499.32603352717047,457.94176331022754,501.067947892705
418,1529085909121612,7,249840,438.4079944210328,499.32603352717047,453.86411840692745,498.2317951946752
419,1529085909130117,7,249840,438.4079944210328,499.32603352717047,455.73741947329836,501.02901415503584
420,1529085909138360,-1,-1,0,0,460.8551136216556,497.9049351733411
421,1529085909146739,8,133223,455.71639346608526,495.60326039858217,459.7393949610705,491.57649667421356
422,1529085909154981,8,133223,455.71639346608526,495.60326039858217,456.67021134562674,492.2107308059931
423,1529085909163488,8,133223,455.71639346608526,495.60326039858217,458.469877752068,498.0194976913044
424,1529085909171606,8,133223,455.71639346608526,495.60326039858217,456.1592318721523,498.1133193068672
425,1529085909180113,8,133223,455.71639346608526,495.60326039858217,454.9620273016626,505.68511484004557
426,1529085909188228,8,133223,455.71639346608526,495.60326039858217,448.7778945158061,488.63434307358693
427,1529085909196732,8,133223,455.71639346608526,495.60326039858217,452.6873808274104,491.4384655401809
428,1529085909204977,8,133223,455.71639346608526,495.60326039858217,453.7650697605568,493.57451581105124
429,1529085909213351,8,133223,455.71639346608526,495.60326039858217,455.5633423682593,494.91944016120397
430,1529085909221598,8,133223,455.71639346608526,495.60326039858217,455.85093771558604,493.4753831840353
431,1529085909230098,8,133223,455.71639346608526,495.60326039858217,454.3911566371389,491.5538177972194
432,1529085909238221,8,133223,455.71639346608526,495.60326039858217,452.92397253768286,493.26723711483646
433,1529085909246719,8,133223,455.71639346608526,495.60326039858217,451.0872135590762,503.98975738021545
434,1529085909254842,8,133223,455.71639346608526,495.60326039858217,452.7012181954342,493.3237781181233
435,1529085909263340,8,133223,455.71639346608526,495.60326039858217,455.551098746364,493.1855145189911
436,1529085909271588,8,133223,455.71639346608526,495.60326039858217,455.9138410075684,495.9131930709118
437,1529085909279962,8,133223,455.71639346608526,495.60326039858217,471.9648198199866,506.3748216871172
438,1529085909288209,-1,-1,0,0,510.20758255923283,507.57654056407046
439,1529085909296711,9,133238,553.0597947016684,514.9013148148832,538.5717351690982,511.07203404942993
440,1529085909304833,9,133238,553.0597947016684,514.9013148148832,545.7724170203437,512.3342441456625
441,1529085909313335,9,133238,553.0597947016684,514.9013148148832,550.8662265712337,512.8998644520761
442,1529085909321456,9,133238,553.0597947016684,514.9013148148832,551.8305789562874,512.3013310178649
443,1529085909329957,9,133238,553.0597947016684,514.9013148148832,552.7938410342904,510.0703983581625
444,1529085909338206,9,133238,553.0597947016684,514.9013148148832,554.2528106020472,510.9898760644719
445,1529085909346584,9,133238,553.0597947016684,514.9013148148832,552.6374922569084,517.81584592117
446,1529085909354828,9,133238,553.0597947016684,514.9013148148832,553.2560430078593,518.6901224137982
447,1529085909363332,9,133238,553.0597947016684,514.9013148148832,551.3848766977026,515.460992197739
448,1529085909371448,9,133238,553.0597947016684,514.9013148148832,550.261258812825,515.9148213167209
449,1529085909379955,9,133238,553.0597947016684,514.9013148148832,553.2389387491276,515.2667730982648
450,1529085909388074,9,133238,553.0597947016684,514.9013148148832,554.9692018267524,516.8382086388301
451,1529085909396580,9,133238,553.0597947016684,514.9013148148832,556.1666709708516,517.5312424568692
452,1529085909404821,9,133238,553.0597947016684,514.9013148148832,556.219907640625,517.2967950205784
453,1529085909413204,9,133238,553.0597947016684,514.9013148148832,559.1627305414295,518.8395617814967
454,1529085909421444,9,133238,553.0597947016684,514.9013148148832,558.3899581462902,519.3925498621538
455,1529085909429949,9,133238,553.0597947016684,514.9013148148832,562.2418219246902,510.6076910577249
456,1529085909438067,-1,-1,0,0,603.3068074165203,524.6704817669233
457,1529085909446573,-1,-1,0,0,669.4138411899621,565.8708415279398
458,1529085909454691,-1,-1,0,0,720.4344487171329,601.6944754720898
459,1529085909463197,10,349833,742.6938183342281,642.9486327283255,747.7959924767492,620.2169516705908
460,1529085909471437,10,349833,742.6938183342281,642.9486327283255,738.636534064135,644.29754642013
461,1529085909479820,10,349833,742.6938183342281,642.9486327283255,746.727307196561,647.2582769737346
462,1529085909488061,10,349833,742.6938183342281,642.9486327283255,745.2011199352273,646.5721879742341
463,1529085909496567,10,349833,742.6938183342281,642.9486327283255,741.3890245906077,645.2066282418091
464,1529085909504687,10,349833,742.6938183342281,642.9486327283255,740.6791155354585,645.2958868704736
465,1529085909513190,10,349833,742.6938183342281,642.9486327283255,742.156336546177,647.8524269330082
466,1529085909521431,10,349833,742.6938183342281,642.9486327283255,745.1892573830264,646.834816824994
467,1529085909529814,10,349833,742.6938183342281,642.9486327283255,745.231879842031,643.9971999981208
468,1529085909538056,10,349833,742.6938183342281,642.9486327283255,745.4208424151875,644.1581384900492
469,1529085909546561,10,349833,742.6938183342281,642.9486327283255,743.4329082531622,646.7995341534261
470,1529085909554680,10,349833,742.6938183342281,642.9486327283255,741.7421570589067,646.8338541701669
471,1529085909563187,10,349833,742.6938183342281,642.9486327283255,742.4575707680197,644.6875726183644
472,1529085909571427,10,349833,742.6938183342281,642.9486327283255,742.6682543272909,646.7490909240441
473,1529085909579808,10,349833,742.6938183342281,642.9486327283255,741.490095679037,645.3449077778496
474,1529085909587925,10,349833,742.6938183342281,642.9486327283255,740.4577658398193,643.2255389823113
475,1529085909596433,10,349833,742.6938183342281,642.9486327283255,741.4277305253199,646.9304159126477
476,1529085909604674,10,349833,742.6938183342281,642.9486327283255,737.7311969330185,646.6553918635473
477,1529085909613049,10,349833,742.6938183342281,642.9486327283255,738.7557771311549,647.6150205710437
478,1529085909621301,10,349833,742.6938183342281,642.9486327283255,739.524093226355,645.2470746310428
479,1529085909629806,10,349833,742.6938183342281,642.9486327283255,738.734142545145,646.7230112266261
480,1529085909637922,10,349833,742.6938183342281,642.9486327283255,743.3697517252585,645.7342308278894
481,1529085909646426,10,349833,742.6938183342281,642.9486327283255,745.2267558965832,640.2340302803786
482,1529085909654546,10,349833,742.6938183342281,642.9486327283255,743.6273186276958,639.9956660253229
483,1529085909663052,10,349833,742.6938183342281,642.9486327283255,741.195014238474,642.4700174648315
484,1529085909671291,10,349833,742.6938183342281,642.9486327283255,741.6460078250384,640.0898139456986
485,1529085909679676,10,349833,742.6938183342281,642.9486327283255,742.4473296121869,637.0152952303179
486,1529085909688043,10,349833,742.6938183342281,642.9486327283255,-1280,-1024
487,1529085909696376,10,349833,742.6938183342281,642.9486327283255,-1280,-1024
488,1529085909704537,10,349833,742.6938183342281,642.9486327283255,741.8349242518889,640.5014328527031
489,1529085909713040,10,349833,742.6938183342281,642.9486327283255,741.7226914677303,640.212227776763
490,1529085909721182,10,349833,742.6938183342281,642.9486327283255,743.3328643708955,637.0742152467137
491,1529085909729665,10,349833,742.6938183342281,642.9486327283255,744.3769357840938,638.2927383192582
492,1529085909737905,10,349833,742.6938183342281,642.9486327283255,742.842370448634,640.1641201208113
493,1529085909746282,10,349833,742.6938183342281,642.9486327283255,739.3725010062917,647.3337341783335
494,1529085909754528,10,349833,742.6938183342281,642.9486327283255,739.9307330588636,651.1420050667366
495,1529085909763034,10,349833,742.6938183342281,642.9486327283255,746.9025905217859,639.7939933530288
496,1529085909771169,10,349833,742.6938183342281,642.9486327283255,747.6297594764037,639.6215348179685
497,1529085909779659,10,349833,742.6938183342281,642.9486327283255,742.4545317220327,644.2655396809569
498,1529085909787900,10,349833,742.6938183342281,642.9486327283255,744.8793151312566,641.9409592143493
499,1529085909796279,10,349833,742.6938183342281,642.9486327283255,745.3754542772367,637.614058494335
500,1529085909804524,10,349833,742.6938183342281,642.9486327283255,743.7006173210102,635.7897703421768
501,1529085909813030,10,349833,742.6938183342281,642.9486327283255,741.7299826676026,643.1070853945566
502,1529085909821169,-1,-1,0,0,716.7407819976506,659.2271314638201
503,1529085909829656,11,124722,715.2197569538631,664.7831657972586,703.7617221281107,670.6636685725534
504,1529085909837770,11,124722,715.2197569538631,664.7831657972586,715.1575176866027,666.7262834002031
505,1529085909846275,11,124722,715.2197569538631,664.7831657972586,719.0727385594801,665.2764590290608
506,1529085909854516,11,124722,715.2197569538631,664.7831657972586,718.6827078880742,665.1700162165798
507,1529085909862902,11,124722,715.2197569538631,664.7831657972586,718.5524318409443,668.5053611844778
508,1529085909871172,11,124722,715.2197569538631,664.7831657972586,715.0628421468718,671.9318615865195
509,1529085909879651,11,124722,715.2197569538631,664.7831657972586,715.6601084506838,664.086727885413
510,1529085909887767,11,124722,715.2197569538631,664.7831657972586,718.8946914143162,664.4013885253808
511,1529085909896270,11,124722,715.2197569538631,664.7831657972586,714.4749830293586,665.7894582303707
512,1529085909904577,11,124722,715.2197569538631,664.7831657972586,-1280,-1024
513,1529085909912910,11,124722,715.2197569538631,664.7831657972586,-1280,-1024
514,1529085909921152,11,124722,715.2197569538631,664.7831657972586,717.3381858048378,658.8830221378012
515,1529085909929516,11,124722,715.2197569538631,664.7831657972586,716.1792221975338,659.2043697026093
516,1529085909937756,11,124722,715.2197569538631,664.7831657972586,714.5230472765979,663.9371384364786
517,1529085909946262,11,124722,715.2197569538631,664.7831657972586,715.8300437428989,666.6512280867901
518,1529085909954378,11,124722,715.2197569538631,664.7831657972586,709.886355187773,655.7373381673824
519,1529085909962885,-1,-1,0,0,700.6422909360845,600.5636814970057
520,1529085909971002,-1,-1,0,0,701.4467123210488,503.9028337839991
521,1529085909979507,-1,-1,0,0,703.1741633573256,435.70493922627065
522,1529085909987751,12,341457,699.5682220588496,427.0776090425323,699.4782114235568,420.8030272105243
523,1529085909996130,12,341457,699.5682220588496,427.0776090425323,700.3331314676325,428.81779517780524
524,1529085910004434,12,341457,699.5682220588496,427.0776090425323,-1280,-1024
525,1529085910012767,12,341457,699.5682220588496,427.0776090425323,-1280,-1024
526,1529085910020870,12,341457,699.5682220588496,427.0776090425323,703.7915606021124,428.65869564330205
527,1529085910029374,12,341457,699.5682220588496,427.0776090425323,702.3032073912327,431.50917161942925
528,1529085910037617,12,341457,699.5682220588496,427.0776090425323,701.264769234549,433.4916244246997
529,1529085910046121,12,341457,699.5682220588496,427.0776090425323,698.793217393395,434.4891343804775
530,1529085910054239,12,341457,699.5682220588496,427.0776090425323,702.2689304732194,428.8116250295425
531,1529085910062743,12,341457,699.5682220588496,427.0776090425323,702.8116448693618,429.42166948725935
532,1529085910070863,12,341457,699.5682220588496,427.0776090425323,702.3414336190035,430.44408039632253
533,1529085910079369,12,341457,699.5682220588496,427.0776090425323,701.8601657144609,429.03167738742195
534,1529085910087610,12,341457,699.5682220588496,427.0776090425323,702.4474570335587,429.0356523405062
535,1529085910095991,12,341457,699.5682220588496,427.0776090425323,702.8262705553789,432.5680322168628
536,1529085910104233,12,341457,699.5682220588496,427.0776090425323,701.2757119553862,432.83419118553866
537,1529085910112739,12,341457,699.5682220588496,427.0776090425323,700.1156972767785,433.6784914135933
538,1529085910120856,12,341457,699.5682220588496,427.0776090425323,700.285258016811,433.82625846390147
539,1529085910129363,12,341457,699.5682220588496,427.0776090425323,700.5957026247052,434.3202735022642
540,1529085910137479,12,341457,699.5682220588496,427.0776090425323,699.2887432339194,431.952976694447
541,1529085910145988,12,341457,699.5682220588496,427.0776090425323,697.8317172276729,428.52265603095293
542,1529085910154228,12,341457,699.5682220588496,427.0776090425323,699.1757401019277,431.6789205505047
543,1529085910162607,12,341457,699.5682220588496,427.0776090425323,695.8233257228858,426.7362639501225
544,1529085910170852,12,341457,699.5682220588496,427.0776090425323,691.6949097176257,423.5243429582333
545,1529085910179355,12,341457,699.5682220588496,427.0776090425323,695.3775542792573,429.39117601083126
546,1529085910187475,12,341457,699.5682220588496,427.0776090425323,698.8864715621457,430.29031912772916
547,1529085910195980,12,341457,699.5682220588496,427.0776090425323,700.0925466370245,430.2747639392037
548,1529085910204109,12,341457,699.5682220588496,427.0776090425323,695.1628774277924,428.72875841590576
549,1529085910212602,12,341457,699.5682220588496,427.0776090425323,696.9635865752934,427.3638144773431
550,1529085910220843,12,341457,699.5682220588496,427.0776090425323,695.7165285015071,415.1301264889771
551,1529085910229219,12,341457,699.5682220588496,427.0776090425323,697.1907152178755,423.42389334272593
552,1529085910237464,12,341457,699.5682220588496,427.0776090425323,695.3448388226388,429.42968271672726
553,1529085910245973,12,341457,699.5682220588496,427.0776090425323,696.4157812847407,430.23249414085876
554,1529085910254097,12,341457,699.5682220588496,427.0776090425323,696.790253646177,428.5768019403331
555,1529085910262594,12,341457,699.5682220588496,427.0776090425323,698.1707968973205,422.83830257016234
556,1529085910270712,12,341457,699.5682220588496,427.0776090425323,697.5976664929476,421.43909095274284
557,1529085910279217,12,341457,699.5682220588496,427.0776090425323,697.2803999854659,430.6461535550188
558,1529085910287459,12,341457,699.5682220588496,427.0776090425323,700.27227764891,429.44857596303336
559,1529085910295853,12,341457,699.5682220588496,427.0776090425323,701.2952000215591,422.7557940338738
560,1529085910304082,12,341457,699.5682220588496,427.0776090425323,696.6996714590641,424.39658310450613
561,1529085910312584,12,341457,699.5682220588496,427.0776090425323,701.7034658085322,419.1390985659091
562,1529085910320704,12,341457,699.5682220588496,427.0776090425323,709.8907089453132,404.64216791803483
563,1529085910329208,12,341457,699.5682220588496,427.0776090425323,705.2707354852464,400.8002043736633
564,1529085910337324,-1,-1,0,0,707.8550878465467,398.5784812665079
565,1529085910345843,13,233197,706.2672767214425,404.2753730487552,705.2094164121081,399.2127214188222
566,1529085910354077,13,233197,706.2672767214425,404.2753730487552,701.9639456384175,403.7006215858273
567,1529085910362450,13,233197,706.2672767214425,404.2753730487552,706.3836265470309,409.5550575336674
568,1529085910370694,13,233197,706.2672767214425,404.2753730487552,704.7909776255256,404.2765445362311
569,1529085910379199,13,233197,706.2672767214425,404.2753730487552,704.908286578866,407.1151667586528
570,1529085910387315,13,233197,706.2672767214425,404.2753730487552,706.7804924858501,411.2063294259133
571,1529085910395839,13,233197,706.2672767214425,404.2753730487552,704.0509694756474,404.38691917504184
572,1529085910403938,13,233197,706.2672767214425,404.2753730487552,697.6989943289664,399.6953553915955
573,1529085910412444,13,233197,706.2672767214425,404.2753730487552,705.6082661665278,401.93430844997056
574,1529085910420687,13,233197,706.2672767214425,404.2753730487552,705.4312211676734,399.7421777821146
575,1529085910429065,13,233197,706.2672767214425,404.2753730487552,711.0518146443064,410.96887954336125
576,1529085910437308,13,233197,706.2672767214425,404.2753730487552,709.6791612546076,410.96107740176376
577,1529085910445826,13,233197,706.2672767214425,404.2753730487552,707.477016691264,403.5204473492922
578,1529085910453933,13,233197,706.2672767214425,404.2753730487552,708.9087645722611,404.3978986109141
579,1529085910462436,13,233197,706.2672767214425,404.2753730487552,706.3754951837473,409.4569064467214
580,1529085910470552,13,233197,706.2672767214425,404.2753730487552,704.9455525257508,398.90682469902094
581,1529085910479058,13,233197,706.2672767214425,404.2753730487552,711.8900674099859,404.38257423683535
582,1529085910487300,13,233197,706.2672767214425,404.2753730487552,710.6836725665198,406.5995227054227
583,1529085910495679,13,233197,706.2672767214425,404.2753730487552,710.3360599435109,405.5721016213065
584,1529085910503921,13,233197,706.2672767214425,404.2753730487552,712.1462867101945,405.8457179850666
585,1529085910512426,13,233197,706.2672767214425,404.2753730487552,711.9103782169987,405.2021891787881
586,1529085910520544,13,233197,706.2672767214425,404.2753730487552,710.968071022362,401.4981072144583
587,1529085910529048,13,233197,706.2672767214425,404.2753730487552,703.9421540571493,425.45029110182077
588,1529085910537163,13,233197,706.2672767214425,404.2753730487552,702.6058236110839,391.7826016738545
589,1529085910545670,13,233197,706.2672767214425,404.2753730487552,705.2670513172052,402.21511429338716
590,1529085910553911,13,233197,706.2672767214425,404.2753730487552,699.9725137765927,400.31199525657576
591,1529085910562294,13,233197,706.2672767214425,404.2753730487552,704.7165659879101,403.502942643594
592,1529085910570533,13,233197,706.2672767214425,404.2753730487552,708.0033863466815,397.75683160696644
593,1529085910579040,13,233197,706.2672767214425,404.2753730487552,698.0449926570873,394.82859278691467
594,1529085910587281,-1,-1,0,0,637.7115515666083,359.945787214092
595,1529085910595658,-1,-1,0,0,518.8895205679,276.61617579474114
596,1529085910603902,-1,-1,0,0,385.66447599077947,190.3097136938013
597,1529085910612284,-1,-1,0,0,232.28529198822798,126.02287847455591
598,1529085910620525,-1,-1,0,0,180.65717551959096,105.4486325357575
599,1529085910628908,14,133231,180.5156917295426,92.59316390074673,154.19953866919968,86.9730350645259
600,1529085910637151,14,133231,180.5156917295426,92.59316390074673,172.95350592277828,94.43502636183985
601,1529085910645654,14,133231,180.5156917295426,92.59316390074673,194.4526892824797,92.2785629038699
602,1529085910653773,14,133231,180.5156917295426,92.59316390074673,184.3840008880943,93.67207057331689
603,1529085910662277,14,133231,180.5156917295426,92.59316390074673,183.7209342987626,89.81890569475945
604,1529085910670397,14,133231,180.5156917295426,92.59316390074673,183.78237579658162,92.11637962807436
605,1529085910678901,14,133231,180.5156917295426,92.59316390074673,183.80651905521518,92.26842574600596
606,1529085910687215,14,133231,180.5156917295426,92.59316390074673,-1280,-1024
607,1529085910695548,14,133231,180.5156917295426,92.59316390074673,-1280,-1024
608,1529085910703847,14,133231,180.5156917295426,92.59316390074673,-1280,-1024
609,1529085910712180,14,133231,180.5156917295426,92.59316390074673,-1280,-1024
610,1529085910720454,14,133231,180.5156917295426,92.59316390074673,-1280,-1024
611,1529085910728787,14,133231,180.5156917295426,92.59316390074673,-1280,-1024
612,1529085910737120,14,133231,180.5156917295426,92.59316390074673,-1280,-1024
613,1529085910745377,14,133231,180.5156917295426,92.59316390074673,-1280,-1024
614,1529085910753710,14,133231,180.5156917295426,92.59316390074673,-1280,-1024
615,1529085910762139,14,133231,180.5156917295426,92.59316390074673,186.82596992322942,99.18290523358155
616,1529085910770509,-1,-1,0,0,-1280,-1024
617,1529085910778842,-1,-1,0,0,-1280,-1024
618,1529085910787169,-1,-1,0,0,-1280,-1024
619,1529085910795502,-1,-1,0,0,-1280,-1024
620,1529085910803746,-1,-1,0,0,-1280,-1024
621,1529085910812079,-1,-1,0,0,-1280,-1024
622,1529085910820412,-1,-1,0,0,-1280,-1024
623,1529085910828701,-1,-1,0,0,-1280,-1024
624,1529085910837034,-1,-1,0,0,-1280,-1024
625,1529085910845502,-1,-1,0,0,134.6190409990959,112.99609212542418
626,1529085910853809,-1,-1,0,0,-1280,-1024
627,1529085910862142,-1,-1,0,0,-1280,-1024
628,1529085910870447,-1,-1,0,0,-1280,-1024
629,1529085910878780,-1,-1,0,0,-1280,-1024
630,1529085910887052,-1,-1,0,0,-1280,-1024
631,1529085910895385,-1,-1,0,0,-1280,-1024
632,1529085910903718,-1,-1,0,0,-1280,-1024
633,1529085910911980,-1,-1,0,0,-1280,-1024
634,1529085910920313,-1,-1,0,0,-1280,-1024
635,1529085910928758,-1,-1,0,0,131.8463300463918,110.20676856534556
636,1529085910937055,-1,-1,0,0,-1280,-1024
637,1529085910945388,-1,-1,0,0,-1280,-1024
638,1529085910953680,-1,-1,0,0,-1280,-1024
639,1529085910962013,-1,-1,0,0,-1280,-1024
640,1529085910970221,-1,-1,0,0,133.2075524215179,109.6648533520056
641,1529085910978739,-1,-1,0,0,134.467497838923,112.10585680953227
642,1529085910986843,15,141736,130.49510046369772,116.66346602297305,132.9135967612092,112.29924060765188
643,1529085910995347,15,141736,130.49510046369772,116.66346602297305,132.03065313544357,113.32123865454923
644,1529085911003591,15,141736,130.49510046369772,116.66346602297305,131.68291278649122,111.71184029639699
645,1529085911011972,15,141736,130.49510046369772,116.66346602297305,126.80103464474087,115.05549759033602
646,1529085911020088,15,141736,130.49510046369772,116.66346602297305,127.4313631336554,118.57609758374747
647,1529085911028592,15,141736,130.49510046369772,116.66346602297305,126.83424568647752,121.13735444727354
648,1529085911036837,15,141736,130.49510046369772,116.66346602297305,126.69060899876058,121.6724637656007
649,1529085911045343,15,141736,130.49510046369772,116.66346602297305,-1280,-1024
650,1529085911053457,15,141736,130.49510046369772,116.66346602297305,136.53474718521466,124.2886656812625
651,1529085911061963,15,141736,130.49510046369772,116.66346602297305,129.09355180105194,114.06131706607994
652,1529085911070083,15,141736,130.49510046369772,116.66346602297305,128.2150004374853,111.84182696847711
653,1529085911078580,15,141736,130.49510046369772,116.66346602297305,133.11078980841557,117.14757406455465
654,1529085911086705,15,141736,130.49510046369772,116.66346602297305,131.64558148768265,119.48113177937921
655,1529085911095209,15,141736,130.49510046369772,116.66346602297305,146.1158091048128,121.08799235685728
656,1529085911103454,15,141736,130.49510046369772,116.66346602297305,131.88194254325936,118.80692439922132
657,1529085911111958,15,141736,130.49510046369772,116.66346602297305,115.43519066210138,114.96429961989634
658,1529085911120074,15,141736,130.49510046369772,116.66346602297305,127.98821669610334,119.66774833528325
659,1529085911128579,15,141736,130.49510046369772,116.66346602297305,134.01146300995606,108.15770917397458
660,1529085911136887,-1,-1,0,0,-1280,-1024
661,1529085911145220,-1,-1,0,0,-1280,-1024
662,1529085911153517,-1,-1,0,0,-1280,-1024
663,1529085911161850,-1,-1,0,0,-1280,-1024
664,1529085911170065,-1,-1,0,0,201.20754663366824,140.3351296025794
665,1529085911178572,-1,-1,0,0,-1280,-1024
666,1529085911186881,-1,-1,0,0,-1280,-1024
667,1529085911195214,-1,-1,0,0,-1280,-1024
668,1529085911203312,-1,-1,0,0,-1280,-1024
669,1529085911211816,-1,-1,0,0,-1280,-1024
670,1529085911219930,-1,-1,0,0,-1280,-1024
671,1529085911228437,-1,-1,0,0,-1280,-1024
672,1529085911236681,-1,-1,0,0,-1280,-1024
673,1529085911245185,-1,-1,0,0,-1280,-1024
674,1529085911253304,-1,-1,0,0,-1280,-1024
675,1529085911261677,-1,-1,0,0,-1280,-1024
676,1529085911270010,-1,-1,0,0,-1280,-1024
677,1529085911278432,-1,-1,0,0,-1280,-1024
678,1529085911286741,-1,-1,0,0,-1280,-1024
679,1529085911295074,-1,-1,0,0,-1280,-1024
680,1529085911303439,-1,-1,0,0,-1280,-1024
681,1529085911311772,-1,-1,0,0,-1280,-1024
682,1529085911320072,-1,-1,0,0,-1280,-1024
683,1529085911328405,-1,-1,0,0,-1280,-1024
684,1529085911336738,-1,-1,0,0,-1280,-1024
685,1529085911345051,-1,-1,0,0,-1280,-1024
686,1529085911353384,-1,-1,0,0,-1280,-1024
687,1529085911361717,-1,-1,0,0,-1280,-1024
688,1529085911370005,-1,-1,0,0,-1280,-1024
689,1529085911378338,-1,-1,0,0,-1280,-1024
690,1529085911386656,-1,-1,0,0,-1280,-1024
691,1529085911394989,-1,-1,0,0,-1280,-1024
692,1529085911403322,-1,-1,0,0,-1280,-1024
693,1529085911411614,-1,-1,0,0,-1280,-1024
694,1529085911419947,-1,-1,0,0,-1280,-1024
695,1529085911428417,-1,-1,0,0,-1280,-1024
696,1529085911436728,-1,-1,0,0,-1280,-1024
697,1529085911445061,-1,-1,0,0,-1280,-1024
698,1529085911453353,-1,-1,0,0,-1280,-1024
699,1529085911461686,-1,-1,0,0,-1280,-1024
700,1529085911469906,-1,-1,0,0,-1280,-1024
701,1529085911478410,-1,-1,0,0,885.8581262643565,606.8801269629039
702,1529085911486526,-1,-1,0,0,891.7316151088744,618.1591269627679
703,1529085911495034,-1,-1,0,0,893.2256807672093,621.8141506665852
704,1529085911503339,-1,-1,0,0,-1280,-1024
705,1529085911511672,-1,-1,0,0,-1280,-1024
706,1529085911519967,-1,-1,0,0,-1280,-1024
707,1529085911528300,-1,-1,0,0,-1280,-1024
708,1529085911536520,-1,-1,0,0,900.0225651517394,626.0644008601084
709,1529085911544900,-1,-1,0,0,915.3172921345686,634.622714233119
710,1529085911553143,-1,-1,0,0,903.7834570731502,565.2831402958836
711,1529085911561647,-1,-1,0,0,905.7772898163239,514.4759938900825
712,1529085911569952,-1,-1,0,0,-1280,-1024
713,1529085911578285,-1,-1,0,0,-1280,-1024
714,1529085911586511,-1,-1,0,0,916.6559987650544,471.831126465695
715,1529085911595013,-1,-1,0,0,915.0077995943138,471.9391830462264
716,1529085911603318,-1,-1,0,0,-1280,-1024
717,1529085911611651,-1,-1,0,0,-1280,-1024
718,1529085911619947,-1,-1,0,0,-1280,-1024
719,1529085911628280,-1,-1,0,0,-1280,-1024
720,1529085911636376,-1,-1,0,0,916.2763324356638,475.27215453248937
721,1529085911644881,-1,-1,0,0,911.9487954309443,475.28654658899177
722,1529085911653124,16,283087,915.9413434606871,478.22504594679003,911.4903774006234,475.34301976289134
723,1529085911661502,16,283087,915.9413434606871,478.22504594679003,914.2996592490817,475.7839213984553
724,1529085911669746,16,283087,915.9413434606871,478.22504594679003,915.3663975589734,476.12655549298506
725,1529085911678251,16,283087,915.9413434606871,478.22504594679003,913.5137743249652,476.9261430375045
726,1529085911686366,16,283087,915.9413434606871,478.22504594679003,915.3947530468577,480.45066267752554
727,1529085911694871,16,283087,915.9413434606871,478.22504594679003,915.9415243702824,478.1558093861677
728,1529085911703114,16,283087,915.9413434606871,478.22504594679003,914.2297265505476,477.482698295149
729,1529085911711498,16,283087,915.9413434606871,478.22504594679003,913.9339781964372,480.02744431537576
730,1529085911719614,16,283087,915.9413434606871,478.22504594679003,916.3360835539061,479.3179322410142
731,1529085911728120,16,283087,915.9413434606871,478.22504594679003,915.0328618483036,476.9035074064741
732,1529085911736362,16,283087,915.9413434606871,478.22504594679003,912.349703390064,479.1539104321273
733,1529085911744739,16,283087,915.9413434606871,478.22504594679003,916.3953389540256,480.8274128524354
734,1529085911752984,16,283087,915.9413434606871,478.22504594679003,918.1848012069531,479.0796197480522
735,1529085911761493,16,283087,915.9413434606871,478.22504594679003,916.67002389353,477.51442425732967
736,1529085911769610,16,283087,915.9413434606871,478.22504594679003,917.3568103575963,475.64666075387504
737,1529085911778116,16,283087,915.9413434606871,478.22504594679003,920.1252644782653,472.26648746442515
738,1529085911786422,16,283087,915.9413434606871,478.22504594679003,-1280,-1024
739,1529085911794755,16,283087,915.9413434606871,478.22504594679003,-1280,-1024
740,1529085911802977,16,283087,915.9413434606871,478.22504594679003,917.0904186072585,477.7585194107378
741,1529085911811481,16,283087,915.9413434606871,478.22504594679003,919.5338130753953,475.89784504054114
742,1529085911819602,16,283087,915.9413434606871,478.22504594679003,915.3459142056818,478.34398161736317
743,1529085911827982,16,283087,915.9413434606871,478.22504594679003,915.167358443141,483.3379404260777
744,1529085911836223,16,283087,915.9413434606871,478.22504594679003,918.1451634335099,482.20212491217535
745,1529085911844729,16,283087,915.9413434606871,478.22504594679003,918.5540389695961,477.3851683107205
746,1529085911852845,16,283087,915.9413434606871,478.22504594679003,919.1121839391417,478.1182978366269
747,1529085911861353,16,283087,915.9413434606871,478.22504594679003,916.4354101452045,481.18956032569986
748,1529085911869595,16,283087,915.9413434606871,478.22504594679003,915.222460955556,479.99880604899954
749,1529085911877975,16,283087,915.9413434606871,478.22504594679003,917.7343999774894,472.90401796018705
750,1529085911886218,16,283087,915.9413434606871,478.22504594679003,916.5517919386912,473.7994021238992
751,1529085911894722,16,283087,915.9413434606871,478.22504594679003,914.256257051311,484.1376096176682
752,1529085911902840,16,283087,915.9413434606871,478.22504594679003,917.0493454120879,481.91904710349627
753,1529085911911345,16,283087,915.9413434606871,478.22504594679003,917.1301000125823,476.9668470285833
754,1529085911919590,16,283087,915.9413434606871,478.22504594679003,914.9549567683425,478.02911344903987
755,1529085911927965,16,283087,915.9413434606871,478.22504594679003,915.1094304365688,477.588854015572
756,1529085911936211,16,283087,915.9413434606871,478.22504594679003,912.0502124507038,480.8431714948965
