BEGIN TRANSACTION;
CREATE TABLE "aoi" (
        `name`  TEXT NOT NULL,
        `task`  INTEGER NOT NULL,
        `dynamic`       INTEGER,
        `polygon`       BLOB,
        PRIMARY KEY(`name`,`task`)
);
INSERT INTO "aoi" VALUES('text',1,1,'[(0,0),(300,0),(300,300),(0,300)]');
INSERT INTO "aoi" VALUES('vis',1,1,'[(1000,800),(1280,800),(1280,1080),(1000,1080)]
');
INSERT INTO "aoi" VALUES('text',2,1,'[(0,0),(200,0),(0,200),(200,200)]
');
INSERT INTO "aoi" VALUES('vis',2,1,'[(1000,800),(1280,800),(1280,1080),(1000,1080)]');
INSERT INTO "aoi" VALUES('t3_aoi1',3,1,'[(0,0),(200,0),(0,200),(200,200)]');
INSERT INTO "aoi" VALUES('t3_aoi2',3,1,'[(1000,800),(1280,800),(1280,1080),(1000,1080)]');
INSERT INTO "aoi" VALUES('t3_aoi3',3,1,'[(300,300),(300,600),(600,300),(600,600)]');
INSERT INTO "aoi" VALUES('t3_aoi4',3,1,'[(800,300),(800,500),(1000,300),(1000,500)]');
INSERT INTO "aoi" VALUES('t3_aoi5',3,1,'[(1000, 0),(1000,200),(1280,0),(1280,200)]');
INSERT INTO "aoi" VALUES('t4_aoi1',4,1,'[(0,0),(200,0),(0,200),(200,200)]');
INSERT INTO "aoi" VALUES('t4_aoi2',4,1,'[(1000,800),(1280,800),(1280,1080),(1000,1080)]');
INSERT INTO "aoi" VALUES('t4_aoi3',4,1,'[(300,300),(300,600),(600,300),(600,600)]');
INSERT INTO "aoi" VALUES('t4_aoi4',4,1,'[(800,300),(800,500),(1000,300),(1000,500)]');
INSERT INTO "aoi" VALUES('t4_aoi5',4,1,'[(1000, 0),(1000,200),(1280,0),(1280,200)]');
INSERT INTO "aoi" VALUES('t4_aoi6',4,1,'[(600,600),(800,600),(600,800),(800,800)]');
INSERT INTO "aoi" VALUES('t4_aoi7',4,1,'[(300,900),(300,1100),(500,900),(500,1100)]');
CREATE TABLE "aoi_state" (
        `aoi`   TEXT,
        `task`  INTEGER,
        `active`        INTEGER,
        PRIMARY KEY(`aoi`)
);
CREATE TABLE intervention_state ( `intervention` TEXT, `active` INTEGER, time_stamp INTEGER, occurences INTEGER, PRIMARY KEY(`intervention`));
CREATE TABLE pupil ( `id` INTEGER, `interval_value` INTEGER, `task_value` TEXT, `runtime_value` TEXT, PRIMARY KEY(`id`) );
INSERT INTO "pupil" VALUES(2,-1,'-1','-1');
INSERT INTO "pupil" VALUES(3,3.4957122802734375e+00,'3.49571228027344','3.49571228027344');
INSERT INTO "pupil" VALUES(4,3.37790679931640625e+00,'3.43680953979492','3.43680953979492');
INSERT INTO "pupil" VALUES(5,-1,'3.43680953979492','3.43680953979492');
INSERT INTO "pupil" VALUES(6,-1,'3.43680953979492','3.43680953979492');
INSERT INTO "pupil" VALUES(7,-1,'3.43680953979492','3.43680953979492');
INSERT INTO "pupil" VALUES(8,-1,'3.43680953979492','3.43680953979492');
INSERT INTO "pupil" VALUES(9,-1,'3.43680953979492','3.43680953979492');
INSERT INTO "pupil" VALUES(10,-1,'3.43680953979492','3.43680953979492');
INSERT INTO "pupil" VALUES(11,-1,'3.43680953979492','3.43680953979492');
INSERT INTO "pupil" VALUES(12,-1,'3.43680953979492','3.43680953979492');
INSERT INTO "pupil" VALUES(13,-1,'3.43680953979492','3.43680953979492');
INSERT INTO "pupil" VALUES(14,-1,'3.43680953979492','3.43680953979492');
INSERT INTO "pupil" VALUES(15,-1,'3.43680953979492','3.43680953979492');
INSERT INTO "pupil" VALUES(16,-1,'3.43680953979492','3.43680953979492');
INSERT INTO "pupil" VALUES(17,-1,'3.43680953979492','3.43680953979492');
INSERT INTO "pupil" VALUES(18,-1,'3.43680953979492','3.43680953979492');
INSERT INTO "pupil" VALUES(19,-1,'3.43680953979492','3.43680953979492');
INSERT INTO "pupil" VALUES(20,-1,'3.43680953979492','3.43680953979492');
INSERT INTO "pupil" VALUES(21,-1,'3.43680953979492','3.43680953979492');
INSERT INTO "pupil" VALUES(22,-1,'3.43680953979492','3.43680953979492');
INSERT INTO "pupil" VALUES(23,-1,'3.43680953979492','3.43680953979492');
INSERT INTO "pupil" VALUES(24,-1,'3.43680953979492','3.43680953979492');
INSERT INTO "pupil" VALUES(25,-1,'3.43680953979492','3.43680953979492');
INSERT INTO "pupil" VALUES(26,-1,'3.43680953979492','3.43680953979492');
INSERT INTO "pupil" VALUES(27,-1,'3.43680953979492','3.43680953979492');
INSERT INTO "pupil" VALUES(28,-1,'3.43680953979492','3.43680953979492');
INSERT INTO "pupil" VALUES(29,-1,'3.43680953979492','3.43680953979492');
INSERT INTO "pupil" VALUES(30,-1,'3.43680953979492','3.43680953979492');
INSERT INTO "pupil" VALUES(31,-1,'3.43680953979492','3.43680953979492');
INSERT INTO "pupil" VALUES(32,-1,'2.62179311116536','3.43680953979492');
INSERT INTO "pupil" VALUES(33,-1,'2.62179311116536','3.43680953979492');
INSERT INTO "pupil" VALUES(34,-1,'2.62179311116536','3.43680953979492');
INSERT INTO "pupil" VALUES(35,-1,'2.62179311116536','3.43680953979492');
INSERT INTO "pupil" VALUES(36,-1,'2.62179311116536','3.43680953979492');
INSERT INTO "pupil" VALUES(37,-1,'2.62179311116536','3.43680953979492');
INSERT INTO "pupil" VALUES(38,-1,'2.62179311116536','3.43680953979492');
INSERT INTO "pupil" VALUES(39,-1,'2.62179311116536','3.43680953979492');
INSERT INTO "pupil" VALUES(40,-1,'2.62179311116536','3.43680953979492');
INSERT INTO "pupil" VALUES(41,-1,'2.62179311116536','3.43680953979492');
INSERT INTO "pupil" VALUES(42,-1,'2.62179311116536','3.43680953979492');
INSERT INTO "pupil" VALUES(43,-1,'2.62179311116536','3.43680953979492');
INSERT INTO "pupil" VALUES(44,-1,'2.62179311116536','3.43680953979492');
INSERT INTO "pupil" VALUES(45,-1,'2.62179311116536','3.43680953979492');
INSERT INTO "pupil" VALUES(46,-1,'2.62179311116536','3.43680953979492');
INSERT INTO "pupil" VALUES(47,-1,'2.62179311116536','3.43680953979492');
INSERT INTO "pupil" VALUES(48,3.70111846923828125e+00,'2.89162445068359','3.52491251627604');
INSERT INTO "pupil" VALUES(49,-1,'2.89162445068359','3.52491251627604');
INSERT INTO "pupil" VALUES(50,-1,'2.89162445068359','3.52491251627604');
INSERT INTO "pupil" VALUES(51,-1,'2.89162445068359','3.52491251627604');
INSERT INTO "pupil" VALUES(52,3.624706268310546875e+00,'3.13598505655924','3.56483001708984');
INSERT INTO "pupil" VALUES(53,-1,'3.13598505655924','3.56483001708984');
INSERT INTO "pupil" VALUES(54,-1,'3.13598505655924','3.56483001708984');
INSERT INTO "pupil" VALUES(55,-1,'3.13598505655924','3.56483001708984');
INSERT INTO "pupil" VALUES(56,2.7672882080078125e+00,'3.08331407819475','3.43190638224284');
CREATE TABLE reading_proficiency ( `id` INTEGER, `time_stamp` INTEGER, `raw_prediction` REAL, `value` TEXT, PRIMARY KEY(`id`) );
CREATE TABLE rule_state ( `rule` TEXT, time_stamp INTEGER, occurences INTEGER, PRIMARY KEY(`rule`));
CREATE TABLE task_2_2 ( `id` INTEGER, `interval_value` INTEGER, `task_value` TEXT, `runtime_value` TEXT, PRIMARY KEY(`id`) );
INSERT INTO "task_2_2" VALUES(2,0,'0','0');
INSERT INTO "task_2_2" VALUES(3,0,'0','0');
INSERT INTO "task_2_2" VALUES(4,0,'0','0');
INSERT INTO "task_2_2" VALUES(5,0,'0','0');
INSERT INTO "task_2_2" VALUES(6,0,'0','0');
INSERT INTO "task_2_2" VALUES(7,0,'0','0');
INSERT INTO "task_2_2" VALUES(8,0,'0','0');
INSERT INTO "task_2_2" VALUES(9,0,'0','0');
INSERT INTO "task_2_2" VALUES(10,9.21820410947539237156e-06,'9.21820410947539e-06','9.21820410947539e-06');
INSERT INTO "task_2_2" VALUES(11,0,'9.21820410947539e-06','9.21820410947539e-06');
INSERT INTO "task_2_2" VALUES(12,0,'9.21820410947539e-06','9.21820410947539e-06');
INSERT INTO "task_2_2" VALUES(13,0,'9.21820410947539e-06','9.21820410947539e-06');
INSERT INTO "task_2_2" VALUES(14,0,'9.21820410947539e-06','9.21820410947539e-06');
INSERT INTO "task_2_2" VALUES(15,0,'9.21820410947539e-06','9.21820410947539e-06');
INSERT INTO "task_2_2" VALUES(16,0,'9.21820410947539e-06','9.21820410947539e-06');
INSERT INTO "task_2_2" VALUES(17,0,'9.21820410947539e-06','9.21820410947539e-06');
INSERT INTO "task_2_2" VALUES(18,0,'9.21820410947539e-06','9.21820410947539e-06');
INSERT INTO "task_2_2" VALUES(19,0,'9.21820410947539e-06','9.21820410947539e-06');
INSERT INTO "task_2_2" VALUES(20,7.98486070410501813654e-06,'9.21820410947539e-06','9.21820410947539e-06');
INSERT INTO "task_2_2" VALUES(21,0,'9.21820410947539e-06','9.21820410947539e-06');
INSERT INTO "task_2_2" VALUES(22,0,'9.21820410947539e-06','9.21820410947539e-06');
INSERT INTO "task_2_2" VALUES(23,0,'9.21820410947539e-06','9.21820410947539e-06');
INSERT INTO "task_2_2" VALUES(24,0,'9.21820410947539e-06','9.21820410947539e-06');
INSERT INTO "task_2_2" VALUES(25,0,'9.21820410947539e-06','9.21820410947539e-06');
INSERT INTO "task_2_2" VALUES(26,0,'9.21820410947539e-06','9.21820410947539e-06');
INSERT INTO "task_2_2" VALUES(27,0,'9.21820410947539e-06','9.21820410947539e-06');
INSERT INTO "task_2_2" VALUES(28,0,'9.21820410947539e-06','9.21820410947539e-06');
INSERT INTO "task_2_2" VALUES(29,0,'9.21820410947539e-06','9.21820410947539e-06');
INSERT INTO "task_2_2" VALUES(30,0,'9.21820410947539e-06','9.21820410947539e-06');
INSERT INTO "task_2_2" VALUES(31,0,'9.21820410947539e-06','9.21820410947539e-06');
INSERT INTO "task_2_2" VALUES(32,0,'9.21820410947539e-06','9.21820410947539e-06');
INSERT INTO "task_2_2" VALUES(33,0,'9.21820410947539e-06','9.21820410947539e-06');
INSERT INTO "task_2_2" VALUES(34,0,'9.21820410947539e-06','9.21820410947539e-06');
INSERT INTO "task_2_2" VALUES(35,0,'9.21820410947539e-06','9.21820410947539e-06');
INSERT INTO "task_2_2" VALUES(36,0,'9.21820410947539e-06','9.21820410947539e-06');
INSERT INTO "task_2_2" VALUES(37,4.0484081659091648575e-06,'4.7085800923588e-06','4.7085800923588e-06');
INSERT INTO "task_2_2" VALUES(38,0,'4.7085800923588e-06','4.7085800923588e-06');
INSERT INTO "task_2_2" VALUES(39,0,'4.7085800923588e-06','4.7085800923588e-06');
INSERT INTO "task_2_2" VALUES(40,0,'4.7085800923588e-06','4.7085800923588e-06');
INSERT INTO "task_2_2" VALUES(41,0,'4.7085800923588e-06','4.7085800923588e-06');
INSERT INTO "task_2_2" VALUES(42,0,'4.7085800923588e-06','4.7085800923588e-06');
INSERT INTO "task_2_2" VALUES(43,0,'4.7085800923588e-06','4.7085800923588e-06');
INSERT INTO "task_2_2" VALUES(44,0,'4.7085800923588e-06','4.7085800923588e-06');
INSERT INTO "task_2_2" VALUES(45,0,'4.7085800923588e-06','4.7085800923588e-06');
INSERT INTO "task_2_2" VALUES(46,0,'4.7085800923588e-06','4.7085800923588e-06');
INSERT INTO "task_2_2" VALUES(47,0,'4.7085800923588e-06','4.7085800923588e-06');
INSERT INTO "task_2_2" VALUES(48,0,'4.7085800923588e-06','4.7085800923588e-06');
INSERT INTO "task_2_2" VALUES(49,0,'4.7085800923588e-06','4.7085800923588e-06');
INSERT INTO "task_2_2" VALUES(50,0,'4.7085800923588e-06','4.7085800923588e-06');
INSERT INTO "task_2_2" VALUES(51,0,'4.7085800923588e-06','4.7085800923588e-06');
INSERT INTO "task_2_2" VALUES(52,0,'4.7085800923588e-06','4.7085800923588e-06');
INSERT INTO "task_2_2" VALUES(53,7.49827539665876940944e-06,'5.37518331614768e-06','5.37518331614768e-06');
INSERT INTO "task_2_2" VALUES(54,0,'5.37518331614768e-06','5.37518331614768e-06');
INSERT INTO "task_2_2" VALUES(55,0,'5.37518331614768e-06','5.37518331614768e-06');
INSERT INTO "task_2_2" VALUES(56,0,'5.37518331614768e-06','5.37518331614768e-06');
CREATE TABLE `task_state` (
        `property`      TEXT NOT NULL,
        `value` INTEGER,
        PRIMARY KEY(`property`)
);
CREATE TABLE "user_state" (
	`event_name`	TEXT NOT NULL,
	`type`	TEXT,
	`aoi`	TEXT,
	`feature`	TEXT,
	PRIMARY KEY(`event_name`)
);
INSERT INTO "user_state" VALUES('text_fix','fix','text','');
INSERT INTO "user_state" VALUES('pupil','emdat','vis','meanpupilsize');
INSERT INTO "user_state" VALUES('reading_proficiency','ml','',NULL);
INSERT INTO "user_state" VALUES('task_2_2','emdat','text','fixationrate');
INSERT INTO "user_state" VALUES('vis_fix','fix','vis',NULL);
INSERT INTO "user_state" VALUES('text_1_emdat','emdat','text_1','meanpupilsize');
INSERT INTO "user_state" VALUES('text_2_emdat','emdat','text_2','meanpupilvelocity');
INSERT INTO "user_state" VALUES('task_1_fixrate','emdat','text','fixationrate');
INSERT INTO "user_state" VALUES('task_1_3_emdat','emdat','t3_aoi1','fixationrate');
INSERT INTO "user_state" VALUES('task_2_3_emdat','emdat','t3_aoi2','meanpupilvelocity');
INSERT INTO "user_state" VALUES('task_3_3_emdat','emdat','t3_aoi3','meanpupilsize');
INSERT INTO "user_state" VALUES('task_4_3_emdat','emdat','t3_aoi4','meandistance');
INSERT INTO "user_state" VALUES('task_5_3_emdat','emdat','t3_aoi5','stddevdistance');
INSERT INTO "user_state" VALUES('task_1_4_emdat','emdat','t4_aoi1','meanpupilvelocity');
INSERT INTO "user_state" VALUES('task_2_4_emdat','emdat','t4_aoi2','meanpupilsize');
INSERT INTO "user_state" VALUES('task_3_4_emdat','emdat','t4_aoi3','meandistance');
INSERT INTO "user_state" VALUES('task_4_4_emdat','emdat','t4_aoi4','stddevdistance');
INSERT INTO "user_state" VALUES('task_5_4_emdat','emdat','t4_aoi5','fixationrate');
INSERT INTO "user_state" VALUES('task_6_4_emdat','emdat','t4_aoi6','meanfixationduration');
INSERT INTO "user_state" VALUES('task_7_4_emdat','emdat','t4_aoi7','stddevfixationduration');
INSERT INTO "user_state" VALUES('bad_type','same','text',NULL);
CREATE TABLE "user_state_task" (
        `event_name`    TEXT,
        `task`  INTEGER,
        PRIMARY KEY(`event_name`,`task`)
);
INSERT INTO "user_state_task" VALUES('text_fix',1);
INSERT INTO "user_state_task" VALUES('pupil',2);
INSERT INTO "user_state_task" VALUES('pupil',1);
INSERT INTO "user_state_task" VALUES('reading_proficiency',1);
INSERT INTO "user_state_task" VALUES('reading_proficiency',2);
INSERT INTO "user_state_task" VALUES('vis_fix',1);
INSERT INTO "user_state_task" VALUES('task_1_3_emdat',3);
INSERT INTO "user_state_task" VALUES('task_1_fixrate',1);
INSERT INTO "user_state_task" VALUES('task_2_3_emdat',3);
INSERT INTO "user_state_task" VALUES('task_3_3_emdat',3);
INSERT INTO "user_state_task" VALUES('task_4_3_emdat',3);
INSERT INTO "user_state_task" VALUES('task_5_3_emdat',3);
INSERT INTO "user_state_task" VALUES('task_1_4_emdat',4);
INSERT INTO "user_state_task" VALUES('task_2_4_emdat',4);
INSERT INTO "user_state_task" VALUES('task_3_4_emdat',4);
INSERT INTO "user_state_task" VALUES('task_4_4_emdat',4);
INSERT INTO "user_state_task" VALUES('task_5_4_emdat',4);
INSERT INTO "user_state_task" VALUES('task_6_4_emdat',4);
INSERT INTO "user_state_task" VALUES('task_7_4_emdat',4);
INSERT INTO "user_state_task" VALUES('bad_type',1024);
INSERT INTO "user_state_task" VALUES('task_2_2',2);
COMMIT;
