BEGIN TRANSACTION;
CREATE TABLE "aoi" (
        `name`  TEXT NOT NULL,
        `task`  INTEGER NOT NULL,
        `dynamic`       INTEGER,
        `polygon`       BLOB,
        PRIMARY KEY(`name`,`task`)
);
INSERT INTO "aoi" VALUES('text',1,1,'[(0,0),(300,0),(300,300),(0,300)]');
INSERT INTO "aoi" VALUES('text',2,1,'[(0,0),(200,0),(200,200),(0,200)]
');
INSERT INTO "aoi" VALUES('vis',2,1,'[(1000,800),(1280,800),(1280,1080),(1000,1080)]');
INSERT INTO "aoi" VALUES('t3_aoi1',3,1,'[(0,0),(200,0),(0,200),(200,200)]');
INSERT INTO "aoi" VALUES('t3_aoi2',3,1,'[(1000,800),(1280,800),(1280,1080),(1000,1080)]');
INSERT INTO "aoi" VALUES('t3_aoi3',3,1,'[(300,300),(300,600),(600,300),(600,600)]');
INSERT INTO "aoi" VALUES('t3_aoi4',3,1,'[(800,300),(800,500),(1000,300),(1000,500)]');
INSERT INTO "aoi" VALUES('t3_aoi5',3,1,'[(1000, 0),(1000,200),(1280,0),(1280,200)]');
INSERT INTO "aoi" VALUES('t4_aoi1',4,1,'[(0,0),(200,0),(0,200),(200,200)]');
INSERT INTO "aoi" VALUES('t4_aoi2',4,1,'[(1000,800),(1280,800),(1280,1080),(1000,1080)]');
INSERT INTO "aoi" VALUES('t4_aoi3',4,1,'[(300,300),(300,600),(600,300),(600,600)]');
INSERT INTO "aoi" VALUES('t4_aoi4',4,1,'[(800,300),(800,500),(1000,300),(1000,500)]');
INSERT INTO "aoi" VALUES('t4_aoi5',4,1,'[(1000, 0),(1000,200),(1280,0),(1280,200)]');
INSERT INTO "aoi" VALUES('t4_aoi6',4,1,'[(600,600),(800,600),(600,800),(800,800)]');
INSERT INTO "aoi" VALUES('t4_aoi7',4,1,'[(300,900),(300,1100),(500,900),(500,1100)]');
INSERT INTO "aoi" VALUES('vis',1,1,'[(1000,800),(1280,800),(1280,1080),(1000,1080)]');
CREATE TABLE "aoi_state" (
        `aoi`   TEXT,
        `task`  INTEGER,
        `active`        INTEGER,
        PRIMARY KEY(`aoi`)
);
CREATE TABLE intervention_state ( `intervention` TEXT, `active` INTEGER, time_stamp INTEGER, occurences INTEGER, PRIMARY KEY(`intervention`));
CREATE TABLE rule_state ( `rule` TEXT, time_stamp INTEGER, occurences INTEGER, PRIMARY KEY(`rule`));
CREATE TABLE task_1_3_emdat ( `id` INTEGER, `interval_value` INTEGER, `task_value` TEXT, `runtime_value` TEXT, PRIMARY KEY(`id`) );
INSERT INTO "task_1_3_emdat" VALUES(2,0,'0','0');
INSERT INTO "task_1_3_emdat" VALUES(3,0,'0','0');
INSERT INTO "task_1_3_emdat" VALUES(4,0,'0','0');
INSERT INTO "task_1_3_emdat" VALUES(5,0,'0','0');
INSERT INTO "task_1_3_emdat" VALUES(6,0,'0','0');
INSERT INTO "task_1_3_emdat" VALUES(7,0,'0','0');
INSERT INTO "task_1_3_emdat" VALUES(8,0,'0','0');
INSERT INTO "task_1_3_emdat" VALUES(9,0,'0','0');
INSERT INTO "task_1_3_emdat" VALUES(10,0,'0','0');
INSERT INTO "task_1_3_emdat" VALUES(11,0,'0','0');
INSERT INTO "task_1_3_emdat" VALUES(12,0,'0','0');
INSERT INTO "task_1_3_emdat" VALUES(13,0,'0','0');
INSERT INTO "task_1_3_emdat" VALUES(14,0,'0','0');
INSERT INTO "task_1_3_emdat" VALUES(15,0,'0','0');
INSERT INTO "task_1_3_emdat" VALUES(16,0,'0','0');
INSERT INTO "task_1_3_emdat" VALUES(17,0,'0','0');
INSERT INTO "task_1_3_emdat" VALUES(18,0,'0','0');
INSERT INTO "task_1_3_emdat" VALUES(19,0,'0','0');
INSERT INTO "task_1_3_emdat" VALUES(20,0,'0','0');
INSERT INTO "task_1_3_emdat" VALUES(21,0,'0','0');
INSERT INTO "task_1_3_emdat" VALUES(22,0,'0','0');
INSERT INTO "task_1_3_emdat" VALUES(23,0,'0','0');
INSERT INTO "task_1_3_emdat" VALUES(24,0,'0','0');
INSERT INTO "task_1_3_emdat" VALUES(25,0,'0','0');
INSERT INTO "task_1_3_emdat" VALUES(26,0,'0','0');
INSERT INTO "task_1_3_emdat" VALUES(27,0,'0','0');
INSERT INTO "task_1_3_emdat" VALUES(28,0,'0','0');
INSERT INTO "task_1_3_emdat" VALUES(29,0,'0','0');
INSERT INTO "task_1_3_emdat" VALUES(30,0,'0','0');
INSERT INTO "task_1_3_emdat" VALUES(31,0,'0','0');
INSERT INTO "task_1_3_emdat" VALUES(32,0,'0','0');
INSERT INTO "task_1_3_emdat" VALUES(33,0,'0','0');
INSERT INTO "task_1_3_emdat" VALUES(34,0,'0','0');
INSERT INTO "task_1_3_emdat" VALUES(35,0,'0','0');
INSERT INTO "task_1_3_emdat" VALUES(36,0,'0','0');
INSERT INTO "task_1_3_emdat" VALUES(37,0,'0','0');
INSERT INTO "task_1_3_emdat" VALUES(38,0,'0','0');
INSERT INTO "task_1_3_emdat" VALUES(39,0,'0','0');
INSERT INTO "task_1_3_emdat" VALUES(40,0,'0','0');
INSERT INTO "task_1_3_emdat" VALUES(41,0,'0','0');
INSERT INTO "task_1_3_emdat" VALUES(42,0,'0','0');
INSERT INTO "task_1_3_emdat" VALUES(43,0,'0','0');
INSERT INTO "task_1_3_emdat" VALUES(44,0,'0','0');
INSERT INTO "task_1_3_emdat" VALUES(45,0,'0','0');
INSERT INTO "task_1_3_emdat" VALUES(46,0,'0','0');
INSERT INTO "task_1_3_emdat" VALUES(47,0,'0','0');
INSERT INTO "task_1_3_emdat" VALUES(48,0,'0','0');
INSERT INTO "task_1_3_emdat" VALUES(49,0,'0','0');
INSERT INTO "task_1_3_emdat" VALUES(50,0,'0','0');
INSERT INTO "task_1_3_emdat" VALUES(51,0,'0','0');
INSERT INTO "task_1_3_emdat" VALUES(52,0,'0','0');
INSERT INTO "task_1_3_emdat" VALUES(53,0,'0','0');
INSERT INTO "task_1_3_emdat" VALUES(54,0,'0','0');
INSERT INTO "task_1_3_emdat" VALUES(55,0,'0','0');
INSERT INTO "task_1_3_emdat" VALUES(56,0,'0','0');
INSERT INTO "task_1_3_emdat" VALUES(57,0,'0','0');
INSERT INTO "task_1_3_emdat" VALUES(58,0,'0','0');
INSERT INTO "task_1_3_emdat" VALUES(59,0,'0','0');
INSERT INTO "task_1_3_emdat" VALUES(60,0,'0','0');
INSERT INTO "task_1_3_emdat" VALUES(61,0,'0','0');
INSERT INTO "task_1_3_emdat" VALUES(62,0,'0','0');
INSERT INTO "task_1_3_emdat" VALUES(63,0,'0','0');
INSERT INTO "task_1_3_emdat" VALUES(64,0,'0','0');
INSERT INTO "task_1_3_emdat" VALUES(65,0,'0','0');
INSERT INTO "task_1_3_emdat" VALUES(66,0,'0','0');
INSERT INTO "task_1_3_emdat" VALUES(67,0,'0','0');
INSERT INTO "task_1_3_emdat" VALUES(68,0,'0','0');
INSERT INTO "task_1_3_emdat" VALUES(69,0,'0','0');
INSERT INTO "task_1_3_emdat" VALUES(70,0,'0','0');
INSERT INTO "task_1_3_emdat" VALUES(71,0,'0','0');
INSERT INTO "task_1_3_emdat" VALUES(72,0,'0','0');
INSERT INTO "task_1_3_emdat" VALUES(73,0,'0','0');
INSERT INTO "task_1_3_emdat" VALUES(74,0,'0','0');
INSERT INTO "task_1_3_emdat" VALUES(75,0,'0','0');
INSERT INTO "task_1_3_emdat" VALUES(76,0,'0','0');
INSERT INTO "task_1_3_emdat" VALUES(77,0,'0','0');
INSERT INTO "task_1_3_emdat" VALUES(78,0,'0','0');
INSERT INTO "task_1_3_emdat" VALUES(79,0,'0','0');
INSERT INTO "task_1_3_emdat" VALUES(80,0,'0','0');
INSERT INTO "task_1_3_emdat" VALUES(81,0,'0','0');
INSERT INTO "task_1_3_emdat" VALUES(82,0,'0','0');
INSERT INTO "task_1_3_emdat" VALUES(83,0,'0','0');
INSERT INTO "task_1_3_emdat" VALUES(84,0,'0','0');
INSERT INTO "task_1_3_emdat" VALUES(85,0,'0','0');
INSERT INTO "task_1_3_emdat" VALUES(86,0,'0','0');
INSERT INTO "task_1_3_emdat" VALUES(87,0,'0','0');
INSERT INTO "task_1_3_emdat" VALUES(88,0,'0','0');
INSERT INTO "task_1_3_emdat" VALUES(89,0,'0','0');
INSERT INTO "task_1_3_emdat" VALUES(90,0,'0','0');
INSERT INTO "task_1_3_emdat" VALUES(91,0,'0','0');
INSERT INTO "task_1_3_emdat" VALUES(92,0,'0','0');
INSERT INTO "task_1_3_emdat" VALUES(93,0,'0','0');
INSERT INTO "task_1_3_emdat" VALUES(94,0,'0','0');
INSERT INTO "task_1_3_emdat" VALUES(95,0,'0','0');
INSERT INTO "task_1_3_emdat" VALUES(96,0,'0','0');
INSERT INTO "task_1_3_emdat" VALUES(97,0,'0','0');
INSERT INTO "task_1_3_emdat" VALUES(98,0,'0','0');
INSERT INTO "task_1_3_emdat" VALUES(99,0,'0','0');
INSERT INTO "task_1_3_emdat" VALUES(100,0,'0','0');
INSERT INTO "task_1_3_emdat" VALUES(101,0,'0','0');
INSERT INTO "task_1_3_emdat" VALUES(102,0,'0','0');
INSERT INTO "task_1_3_emdat" VALUES(103,0,'0','0');
INSERT INTO "task_1_3_emdat" VALUES(104,0,'0','0');
INSERT INTO "task_1_3_emdat" VALUES(105,0,'0','0');
INSERT INTO "task_1_3_emdat" VALUES(106,0,'0','0');
INSERT INTO "task_1_3_emdat" VALUES(107,0,'0','0');
INSERT INTO "task_1_3_emdat" VALUES(108,0,'0','0');
INSERT INTO "task_1_3_emdat" VALUES(109,0,'0','0');
INSERT INTO "task_1_3_emdat" VALUES(110,0,'0','0');
INSERT INTO "task_1_3_emdat" VALUES(111,0,'0','0');
INSERT INTO "task_1_3_emdat" VALUES(112,0,'0','0');
INSERT INTO "task_1_3_emdat" VALUES(113,0,'0','0');
INSERT INTO "task_1_3_emdat" VALUES(114,0,'0','0');
INSERT INTO "task_1_3_emdat" VALUES(115,0,'0','0');
INSERT INTO "task_1_3_emdat" VALUES(116,4.09313240601144734398e-06,'4.09313240601145e-06','4.09313240601145e-06');
INSERT INTO "task_1_3_emdat" VALUES(117,0,'4.09313240601145e-06','4.09313240601145e-06');
INSERT INTO "task_1_3_emdat" VALUES(118,0,'4.09313240601145e-06','4.09313240601145e-06');
INSERT INTO "task_1_3_emdat" VALUES(119,0,'4.09313240601145e-06','4.09313240601145e-06');
INSERT INTO "task_1_3_emdat" VALUES(120,0,'4.09313240601145e-06','4.09313240601145e-06');
INSERT INTO "task_1_3_emdat" VALUES(121,0,'4.09313240601145e-06','4.09313240601145e-06');
INSERT INTO "task_1_3_emdat" VALUES(122,5.71630002953421545441e-06,'4.77042337507454e-06','4.77042337507454e-06');
INSERT INTO "task_1_3_emdat" VALUES(123,0,'4.77042337507454e-06','4.77042337507454e-06');
INSERT INTO "task_1_3_emdat" VALUES(124,4.90102382387680712838e-06,'4.83484180397617e-06','4.83484180397617e-06');
INSERT INTO "task_1_3_emdat" VALUES(125,4.29048285094004455686e-06,'4.83484180397617e-06','4.83484180397617e-06');
INSERT INTO "task_1_3_emdat" VALUES(126,5.72044745339980664766e-06,'5.0295011677873e-06','5.0295011677873e-06');
INSERT INTO "task_1_3_emdat" VALUES(127,7.50563391645854238731e-06,'5.38479328990139e-06','5.38479328990139e-06');
INSERT INTO "task_1_3_emdat" VALUES(128,0,'5.38479328990139e-06','5.38479328990139e-06');
INSERT INTO "task_1_3_emdat" VALUES(129,0,'5.38479328990139e-06','5.38479328990139e-06');
INSERT INTO "task_1_3_emdat" VALUES(130,0,'5.38479328990139e-06','5.38479328990139e-06');
INSERT INTO "task_1_3_emdat" VALUES(131,0,'5.38479328990139e-06','5.38479328990139e-06');
INSERT INTO "task_1_3_emdat" VALUES(132,0,'5.38479328990139e-06','5.38479328990139e-06');
INSERT INTO "task_1_3_emdat" VALUES(133,0,'5.38479328990139e-06','5.38479328990139e-06');
INSERT INTO "task_1_3_emdat" VALUES(134,0,'5.38479328990139e-06','5.38479328990139e-06');
INSERT INTO "task_1_3_emdat" VALUES(135,0,'5.38479328990139e-06','5.38479328990139e-06');
INSERT INTO "task_1_3_emdat" VALUES(136,0,'5.38479328990139e-06','5.38479328990139e-06');
INSERT INTO "task_1_3_emdat" VALUES(137,0,'5.38479328990139e-06','5.38479328990139e-06');
INSERT INTO "task_1_3_emdat" VALUES(138,0,'5.38479328990139e-06','5.38479328990139e-06');
INSERT INTO "task_1_3_emdat" VALUES(139,0,'5.38479328990139e-06','5.38479328990139e-06');
INSERT INTO "task_1_3_emdat" VALUES(140,0,'5.38479328990139e-06','5.38479328990139e-06');
INSERT INTO "task_1_3_emdat" VALUES(141,0,'5.38479328990139e-06','5.38479328990139e-06');
INSERT INTO "task_1_3_emdat" VALUES(142,0,'5.38479328990139e-06','5.38479328990139e-06');
INSERT INTO "task_1_3_emdat" VALUES(143,0,'5.38479328990139e-06','5.38479328990139e-06');
INSERT INTO "task_1_3_emdat" VALUES(144,0,'5.38479328990139e-06','5.38479328990139e-06');
INSERT INTO "task_1_3_emdat" VALUES(145,0,'5.38479328990139e-06','5.38479328990139e-06');
INSERT INTO "task_1_3_emdat" VALUES(146,1.54953835378594835248e-06,'4.39571857011271e-06','4.39571857011271e-06');
INSERT INTO "task_1_3_emdat" VALUES(147,0,'4.39571857011271e-06','4.39571857011271e-06');
INSERT INTO "task_1_3_emdat" VALUES(148,4.14147270769485587038e-06,'4.39571857011271e-06','4.39571857011271e-06');
INSERT INTO "task_1_3_emdat" VALUES(149,0,'4.39571857011271e-06','4.39571857011271e-06');
INSERT INTO "task_1_3_emdat" VALUES(150,0,'4.39571857011271e-06','4.39571857011271e-06');
INSERT INTO "task_1_3_emdat" VALUES(151,0,'4.39571857011271e-06','4.39571857011271e-06');
INSERT INTO "task_1_3_emdat" VALUES(152,0,'4.39571857011271e-06','4.39571857011271e-06');
INSERT INTO "task_1_3_emdat" VALUES(153,0,'4.39571857011271e-06','4.39571857011271e-06');
INSERT INTO "task_1_3_emdat" VALUES(154,0,'4.39571857011271e-06','4.39571857011271e-06');
INSERT INTO "task_1_3_emdat" VALUES(155,0,'4.39571857011271e-06','4.39571857011271e-06');
INSERT INTO "task_1_3_emdat" VALUES(156,0,'4.39571857011271e-06','4.39571857011271e-06');
INSERT INTO "task_1_3_emdat" VALUES(157,0,'4.39571857011271e-06','4.39571857011271e-06');
CREATE TABLE task_2_3_emdat ( `id` INTEGER, `interval_value` INTEGER, `task_value` TEXT, `runtime_value` TEXT, PRIMARY KEY(`id`) );
INSERT INTO "task_2_3_emdat" VALUES(2,-1,'-1','-1');
INSERT INTO "task_2_3_emdat" VALUES(3,-1,'-1','-1');
INSERT INTO "task_2_3_emdat" VALUES(4,-1,'-1','-1');
INSERT INTO "task_2_3_emdat" VALUES(5,-1,'-1','-1');
INSERT INTO "task_2_3_emdat" VALUES(6,-1,'-1','-1');
INSERT INTO "task_2_3_emdat" VALUES(7,-1,'-1','-1');
INSERT INTO "task_2_3_emdat" VALUES(8,-1,'-1','-1');
INSERT INTO "task_2_3_emdat" VALUES(9,-1,'-1','-1');
INSERT INTO "task_2_3_emdat" VALUES(10,-1,'-1','-1');
INSERT INTO "task_2_3_emdat" VALUES(11,-1,'-1','-1');
INSERT INTO "task_2_3_emdat" VALUES(12,-1,'-1','-1');
INSERT INTO "task_2_3_emdat" VALUES(13,-1,'-1','-1');
INSERT INTO "task_2_3_emdat" VALUES(14,-1,'-1','-1');
INSERT INTO "task_2_3_emdat" VALUES(15,-1,'-1','-1');
INSERT INTO "task_2_3_emdat" VALUES(16,-1,'-1','-1');
INSERT INTO "task_2_3_emdat" VALUES(17,-1,'-1','-1');
INSERT INTO "task_2_3_emdat" VALUES(18,-1,'-1','-1');
INSERT INTO "task_2_3_emdat" VALUES(19,-1,'-1','-1');
INSERT INTO "task_2_3_emdat" VALUES(20,-1,'-1','-1');
INSERT INTO "task_2_3_emdat" VALUES(21,-1,'-1','-1');
INSERT INTO "task_2_3_emdat" VALUES(22,-1,'-1','-1');
INSERT INTO "task_2_3_emdat" VALUES(23,-1,'-1','-1');
INSERT INTO "task_2_3_emdat" VALUES(24,-1,'-1','-1');
INSERT INTO "task_2_3_emdat" VALUES(25,-1,'-1','-1');
INSERT INTO "task_2_3_emdat" VALUES(26,-1,'-1','-1');
INSERT INTO "task_2_3_emdat" VALUES(27,-1,'-1','-1');
INSERT INTO "task_2_3_emdat" VALUES(28,-1,'-1','-1');
INSERT INTO "task_2_3_emdat" VALUES(29,-1,'-1','-1');
INSERT INTO "task_2_3_emdat" VALUES(30,-1,'-1','-1');
INSERT INTO "task_2_3_emdat" VALUES(31,-1,'-1','-1');
INSERT INTO "task_2_3_emdat" VALUES(32,-1,'-1','-1');
INSERT INTO "task_2_3_emdat" VALUES(33,-1,'-1','-1');
INSERT INTO "task_2_3_emdat" VALUES(34,-1,'-1','-1');
INSERT INTO "task_2_3_emdat" VALUES(35,-1,'-1','-1');
INSERT INTO "task_2_3_emdat" VALUES(36,-1,'-1','-1');
INSERT INTO "task_2_3_emdat" VALUES(37,-1,'-1','-1');
INSERT INTO "task_2_3_emdat" VALUES(38,-1,'-1','-1');
INSERT INTO "task_2_3_emdat" VALUES(39,-1,'-1','-1');
INSERT INTO "task_2_3_emdat" VALUES(40,-1,'-1','-1');
INSERT INTO "task_2_3_emdat" VALUES(41,-1,'-1','-1');
INSERT INTO "task_2_3_emdat" VALUES(42,-1,'-1','-1');
INSERT INTO "task_2_3_emdat" VALUES(43,-1,'-1','-1');
INSERT INTO "task_2_3_emdat" VALUES(44,-1,'-1','-1');
INSERT INTO "task_2_3_emdat" VALUES(45,-1,'-1','-1');
INSERT INTO "task_2_3_emdat" VALUES(46,-1,'-1','-1');
INSERT INTO "task_2_3_emdat" VALUES(47,-1,'-1','-1');
INSERT INTO "task_2_3_emdat" VALUES(48,-1,'-1','-1');
INSERT INTO "task_2_3_emdat" VALUES(49,-1,'-1','-1');
INSERT INTO "task_2_3_emdat" VALUES(50,-1,'-1','-1');
INSERT INTO "task_2_3_emdat" VALUES(51,-1,'-1','-1');
INSERT INTO "task_2_3_emdat" VALUES(52,-1,'-1','-1');
INSERT INTO "task_2_3_emdat" VALUES(53,-1,'-1','-1');
INSERT INTO "task_2_3_emdat" VALUES(54,-1,'-1','-1');
INSERT INTO "task_2_3_emdat" VALUES(55,-1,'-1','-1');
INSERT INTO "task_2_3_emdat" VALUES(56,-1,'-1','-1');
INSERT INTO "task_2_3_emdat" VALUES(57,-1,'-1','-1');
INSERT INTO "task_2_3_emdat" VALUES(58,-1,'-1','-1');
INSERT INTO "task_2_3_emdat" VALUES(59,-1,'-1','-1');
INSERT INTO "task_2_3_emdat" VALUES(60,-1,'-1','-1');
INSERT INTO "task_2_3_emdat" VALUES(61,-1,'-1','-1');
INSERT INTO "task_2_3_emdat" VALUES(62,-1,'-1','-1');
INSERT INTO "task_2_3_emdat" VALUES(63,-1,'-1','-1');
INSERT INTO "task_2_3_emdat" VALUES(64,-1,'-1','-1');
INSERT INTO "task_2_3_emdat" VALUES(65,-1,'-1','-1');
INSERT INTO "task_2_3_emdat" VALUES(66,-1,'-1','-1');
INSERT INTO "task_2_3_emdat" VALUES(67,-1,'-1','-1');
INSERT INTO "task_2_3_emdat" VALUES(68,-1,'-1','-1');
INSERT INTO "task_2_3_emdat" VALUES(69,-1,'-1','-1');
INSERT INTO "task_2_3_emdat" VALUES(70,-1,'-1','-1');
INSERT INTO "task_2_3_emdat" VALUES(71,-1,'-1','-1');
INSERT INTO "task_2_3_emdat" VALUES(72,-1,'-1','-1');
INSERT INTO "task_2_3_emdat" VALUES(73,-1,'-1','-1');
INSERT INTO "task_2_3_emdat" VALUES(74,-1,'-1','-1');
INSERT INTO "task_2_3_emdat" VALUES(75,-1,'-1','-1');
INSERT INTO "task_2_3_emdat" VALUES(76,-1,'-1','-1');
INSERT INTO "task_2_3_emdat" VALUES(77,-1,'-1','-1');
INSERT INTO "task_2_3_emdat" VALUES(78,-1,'-1','-1');
INSERT INTO "task_2_3_emdat" VALUES(79,-1,'-1','-1');
INSERT INTO "task_2_3_emdat" VALUES(80,-1,'-1','-1');
INSERT INTO "task_2_3_emdat" VALUES(81,-1,'-1','-1');
INSERT INTO "task_2_3_emdat" VALUES(82,-1,'-1','-1');
INSERT INTO "task_2_3_emdat" VALUES(83,-1,'-1','-1');
INSERT INTO "task_2_3_emdat" VALUES(84,-1,'-1','-1');
INSERT INTO "task_2_3_emdat" VALUES(85,-1,'-1','-1');
INSERT INTO "task_2_3_emdat" VALUES(86,-1,'-1','-1');
INSERT INTO "task_2_3_emdat" VALUES(87,-1,'-1','-1');
INSERT INTO "task_2_3_emdat" VALUES(88,-1,'-1','-1');
INSERT INTO "task_2_3_emdat" VALUES(89,-1,'-1','-1');
INSERT INTO "task_2_3_emdat" VALUES(90,-1,'-1','-1');
INSERT INTO "task_2_3_emdat" VALUES(91,-1,'-1','-1');
INSERT INTO "task_2_3_emdat" VALUES(92,-1,'-1','-1');
INSERT INTO "task_2_3_emdat" VALUES(93,-1,'-1','-1');
INSERT INTO "task_2_3_emdat" VALUES(94,-1,'-1','-1');
INSERT INTO "task_2_3_emdat" VALUES(95,-1,'-1','-1');
INSERT INTO "task_2_3_emdat" VALUES(96,-1,'-1','-1');
INSERT INTO "task_2_3_emdat" VALUES(97,-1,'-1','-1');
INSERT INTO "task_2_3_emdat" VALUES(98,-1,'-1','-1');
INSERT INTO "task_2_3_emdat" VALUES(99,1.63689120222675370541e-05,'1.63689120222675e-05','1.63689120222675e-05');
INSERT INTO "task_2_3_emdat" VALUES(100,-1,'1.63689120222675e-05','1.63689120222675e-05');
INSERT INTO "task_2_3_emdat" VALUES(101,-1,'1.63689120222675e-05','1.63689120222675e-05');
INSERT INTO "task_2_3_emdat" VALUES(102,-1,'1.63689120222675e-05','1.63689120222675e-05');
INSERT INTO "task_2_3_emdat" VALUES(103,-1,'1.63689120222675e-05','1.63689120222675e-05');
INSERT INTO "task_2_3_emdat" VALUES(104,-1,'1.63689120222675e-05','1.63689120222675e-05');
INSERT INTO "task_2_3_emdat" VALUES(105,-1,'1.63689120222675e-05','1.63689120222675e-05');
INSERT INTO "task_2_3_emdat" VALUES(106,-1,'1.63689120222675e-05','1.63689120222675e-05');
INSERT INTO "task_2_3_emdat" VALUES(107,-1,'1.63689120222675e-05','1.63689120222675e-05');
INSERT INTO "task_2_3_emdat" VALUES(108,-1,'1.63689120222675e-05','1.63689120222675e-05');
INSERT INTO "task_2_3_emdat" VALUES(109,-1,'1.63689120222675e-05','1.63689120222675e-05');
INSERT INTO "task_2_3_emdat" VALUES(110,-1,'1.63689120222675e-05','1.63689120222675e-05');
INSERT INTO "task_2_3_emdat" VALUES(111,-1,'1.63689120222675e-05','1.63689120222675e-05');
INSERT INTO "task_2_3_emdat" VALUES(112,-1,'1.63689120222675e-05','1.63689120222675e-05');
INSERT INTO "task_2_3_emdat" VALUES(113,-1,'1.63689120222675e-05','1.63689120222675e-05');
INSERT INTO "task_2_3_emdat" VALUES(114,-1,'1.63689120222675e-05','1.63689120222675e-05');
INSERT INTO "task_2_3_emdat" VALUES(115,9.99394442158929585673e-06,'1.42933411755351e-05','1.42933411755351e-05');
INSERT INTO "task_2_3_emdat" VALUES(116,1.39653246162473742231e-04,'1.6207232854725e-05','1.6207232854725e-05');
INSERT INTO "task_2_3_emdat" VALUES(117,-1,'1.6207232854725e-05','1.6207232854725e-05');
INSERT INTO "task_2_3_emdat" VALUES(118,3.41979970200261940149e-06,'1.40895687657391e-05','1.40895687657391e-05');
INSERT INTO "task_2_3_emdat" VALUES(119,3.97112006244235793417e-06,'1.34836736338052e-05','1.34836736338052e-05');
INSERT INTO "task_2_3_emdat" VALUES(120,-1,'1.34836736338052e-05','1.34836736338052e-05');
INSERT INTO "task_2_3_emdat" VALUES(121,9.83719674517311837291e-06,'1.30254775849718e-05','1.30254775849718e-05');
INSERT INTO "task_2_3_emdat" VALUES(122,-1,'1.30254775849718e-05','1.30254775849718e-05');
INSERT INTO "task_2_3_emdat" VALUES(123,-1,'1.30254775849718e-05','1.30254775849718e-05');
INSERT INTO "task_2_3_emdat" VALUES(124,-1,'1.30254775849718e-05','1.30254775849718e-05');
INSERT INTO "task_2_3_emdat" VALUES(125,-1,'1.30254775849718e-05','1.30254775849718e-05');
INSERT INTO "task_2_3_emdat" VALUES(126,-1,'1.30254775849718e-05','1.30254775849718e-05');
INSERT INTO "task_2_3_emdat" VALUES(127,-1,'1.30254775849718e-05','1.30254775849718e-05');
INSERT INTO "task_2_3_emdat" VALUES(128,-1,'1.30254775849718e-05','1.30254775849718e-05');
INSERT INTO "task_2_3_emdat" VALUES(129,-1,'1.30254775849718e-05','1.30254775849718e-05');
INSERT INTO "task_2_3_emdat" VALUES(130,-1,'1.30254775849718e-05','1.30254775849718e-05');
INSERT INTO "task_2_3_emdat" VALUES(131,-1,'1.30254775849718e-05','1.30254775849718e-05');
INSERT INTO "task_2_3_emdat" VALUES(132,-1,'1.30254775849718e-05','1.30254775849718e-05');
INSERT INTO "task_2_3_emdat" VALUES(133,-1,'1.30254775849718e-05','1.30254775849718e-05');
INSERT INTO "task_2_3_emdat" VALUES(134,-1,'1.30254775849718e-05','1.30254775849718e-05');
INSERT INTO "task_2_3_emdat" VALUES(135,-1,'1.30254775849718e-05','1.30254775849718e-05');
INSERT INTO "task_2_3_emdat" VALUES(136,-1,'1.30254775849718e-05','1.30254775849718e-05');
INSERT INTO "task_2_3_emdat" VALUES(137,-1,'1.30254775849718e-05','1.30254775849718e-05');
INSERT INTO "task_2_3_emdat" VALUES(138,-1,'1.30254775849718e-05','1.30254775849718e-05');
INSERT INTO "task_2_3_emdat" VALUES(139,-1,'1.30254775849718e-05','1.30254775849718e-05');
INSERT INTO "task_2_3_emdat" VALUES(140,-1,'1.30254775849718e-05','1.30254775849718e-05');
INSERT INTO "task_2_3_emdat" VALUES(141,-1,'1.30254775849718e-05','1.30254775849718e-05');
INSERT INTO "task_2_3_emdat" VALUES(142,-1,'1.30254775849718e-05','1.30254775849718e-05');
INSERT INTO "task_2_3_emdat" VALUES(143,-1,'1.30254775849718e-05','1.30254775849718e-05');
INSERT INTO "task_2_3_emdat" VALUES(144,-1,'1.30254775849718e-05','1.30254775849718e-05');
INSERT INTO "task_2_3_emdat" VALUES(145,-1,'1.30254775849718e-05','1.30254775849718e-05');
INSERT INTO "task_2_3_emdat" VALUES(146,-1,'1.30254775849718e-05','1.30254775849718e-05');
INSERT INTO "task_2_3_emdat" VALUES(147,0.000131427596432284,'1.42524425471201e-05','1.42524425471201e-05');
INSERT INTO "task_2_3_emdat" VALUES(148,-1,'1.42524425471201e-05','1.42524425471201e-05');
INSERT INTO "task_2_3_emdat" VALUES(149,4.24272158540955324212e-06,'1.24634711411974e-05','1.24634711411974e-05');
INSERT INTO "task_2_3_emdat" VALUES(150,1.68518883698067556409e-05,'1.28546866305696e-05','1.28546866305696e-05');
INSERT INTO "task_2_3_emdat" VALUES(151,-1,'1.28546866305696e-05','1.28546866305696e-05');
INSERT INTO "task_2_3_emdat" VALUES(152,2.37194367572206932237e-06,'1.1571085452425e-05','1.1571085452425e-05');
INSERT INTO "task_2_3_emdat" VALUES(153,3.23970090873332727809e-06,'8.74403137130713e-06','8.74403137130713e-06');
INSERT INTO "task_2_3_emdat" VALUES(154,3.00538073419150286724e-06,'8.23837158156128e-06','8.23837158156128e-06');
INSERT INTO "task_2_3_emdat" VALUES(155,-1,'8.23837158156128e-06','8.23837158156128e-06');
INSERT INTO "task_2_3_emdat" VALUES(156,-1,'8.23837158156128e-06','8.23837158156128e-06');
INSERT INTO "task_2_3_emdat" VALUES(157,-1,'8.23837158156128e-06','8.23837158156128e-06');
CREATE TABLE task_3_3_emdat ( `id` INTEGER, `interval_value` INTEGER, `task_value` TEXT, `runtime_value` TEXT, PRIMARY KEY(`id`) );
INSERT INTO "task_3_3_emdat" VALUES(2,2.59043121337890625e+00,'2.59043121337891','2.59043121337891');
INSERT INTO "task_3_3_emdat" VALUES(3,3.49915822347005223136e+00,'2.65858573913574','2.65858573913574');
INSERT INTO "task_3_3_emdat" VALUES(4,1.41129016876220703125e+00,'2.45070314407349','2.45070314407349');
INSERT INTO "task_3_3_emdat" VALUES(5,-1,'2.45070314407349','2.45070314407349');
INSERT INTO "task_3_3_emdat" VALUES(6,-1,'2.45070314407349','2.45070314407349');
INSERT INTO "task_3_3_emdat" VALUES(7,-1,'2.45070314407349','2.45070314407349');
INSERT INTO "task_3_3_emdat" VALUES(8,-1,'2.45070314407349','2.45070314407349');
INSERT INTO "task_3_3_emdat" VALUES(9,-1,'2.45070314407349','2.45070314407349');
INSERT INTO "task_3_3_emdat" VALUES(10,-1,'2.45070314407349','2.45070314407349');
INSERT INTO "task_3_3_emdat" VALUES(11,-1,'2.45070314407349','2.45070314407349');
INSERT INTO "task_3_3_emdat" VALUES(12,-1,'2.45070314407349','2.45070314407349');
INSERT INTO "task_3_3_emdat" VALUES(13,-1,'2.45070314407349','2.45070314407349');
INSERT INTO "task_3_3_emdat" VALUES(14,-1,'2.45070314407349','2.45070314407349');
INSERT INTO "task_3_3_emdat" VALUES(15,-1,'2.45070314407349','2.45070314407349');
INSERT INTO "task_3_3_emdat" VALUES(16,-1,'2.45070314407349','2.45070314407349');
INSERT INTO "task_3_3_emdat" VALUES(17,-1,'2.45070314407349','2.45070314407349');
INSERT INTO "task_3_3_emdat" VALUES(18,-1,'2.45070314407349','2.45070314407349');
INSERT INTO "task_3_3_emdat" VALUES(19,-1,'2.45070314407349','2.45070314407349');
INSERT INTO "task_3_3_emdat" VALUES(20,-1,'2.45070314407349','2.45070314407349');
INSERT INTO "task_3_3_emdat" VALUES(21,-1,'2.45070314407349','2.45070314407349');
INSERT INTO "task_3_3_emdat" VALUES(22,-1,'2.45070314407349','2.45070314407349');
INSERT INTO "task_3_3_emdat" VALUES(23,-1,'2.45070314407349','2.45070314407349');
INSERT INTO "task_3_3_emdat" VALUES(24,-1,'2.45070314407349','2.45070314407349');
INSERT INTO "task_3_3_emdat" VALUES(25,-1,'2.45070314407349','2.45070314407349');
INSERT INTO "task_3_3_emdat" VALUES(26,-1,'2.45070314407349','2.45070314407349');
INSERT INTO "task_3_3_emdat" VALUES(27,-1,'2.45070314407349','2.45070314407349');
INSERT INTO "task_3_3_emdat" VALUES(28,-1,'2.45070314407349','2.45070314407349');
INSERT INTO "task_3_3_emdat" VALUES(29,-1,'2.45070314407349','2.45070314407349');
INSERT INTO "task_3_3_emdat" VALUES(30,-1,'2.45070314407349','2.45070314407349');
INSERT INTO "task_3_3_emdat" VALUES(31,-1,'2.45070314407349','2.45070314407349');
INSERT INTO "task_3_3_emdat" VALUES(32,-1,'2.45070314407349','2.45070314407349');
INSERT INTO "task_3_3_emdat" VALUES(33,-1,'2.45070314407349','2.45070314407349');
INSERT INTO "task_3_3_emdat" VALUES(34,-1,'2.45070314407349','2.45070314407349');
INSERT INTO "task_3_3_emdat" VALUES(35,-1,'2.45070314407349','2.45070314407349');
INSERT INTO "task_3_3_emdat" VALUES(36,-1,'2.45070314407349','2.45070314407349');
INSERT INTO "task_3_3_emdat" VALUES(37,-1,'2.45070314407349','2.45070314407349');
INSERT INTO "task_3_3_emdat" VALUES(38,-1,'2.45070314407349','2.45070314407349');
INSERT INTO "task_3_3_emdat" VALUES(39,-1,'2.45070314407349','2.45070314407349');
INSERT INTO "task_3_3_emdat" VALUES(40,-1,'2.45070314407349','2.45070314407349');
INSERT INTO "task_3_3_emdat" VALUES(41,-1,'2.45070314407349','2.45070314407349');
INSERT INTO "task_3_3_emdat" VALUES(42,-1,'2.45070314407349','2.45070314407349');
INSERT INTO "task_3_3_emdat" VALUES(43,-1,'2.45070314407349','2.45070314407349');
INSERT INTO "task_3_3_emdat" VALUES(44,-1,'2.45070314407349','2.45070314407349');
INSERT INTO "task_3_3_emdat" VALUES(45,-1,'2.45070314407349','2.45070314407349');
INSERT INTO "task_3_3_emdat" VALUES(46,2.8061981201171875e+00,'2.47804891146146','2.47804891146146');
INSERT INTO "task_3_3_emdat" VALUES(47,2.21168365478515616118e+00,'2.4546835380688','2.4546835380688');
INSERT INTO "task_3_3_emdat" VALUES(48,-1,'2.4546835380688','2.4546835380688');
INSERT INTO "task_3_3_emdat" VALUES(49,3.37328592936197901863e+00,'2.50061365763346','2.50061365763346');
INSERT INTO "task_3_3_emdat" VALUES(50,-1,'2.50061365763346','2.50061365763346');
INSERT INTO "task_3_3_emdat" VALUES(51,-1,'2.50061365763346','2.50061365763346');
INSERT INTO "task_3_3_emdat" VALUES(52,-1,'2.50061365763346','2.50061365763346');
INSERT INTO "task_3_3_emdat" VALUES(53,-1,'2.50061365763346','2.50061365763346');
INSERT INTO "task_3_3_emdat" VALUES(54,-1,'2.50061365763346','2.50061365763346');
INSERT INTO "task_3_3_emdat" VALUES(55,-1,'2.50061365763346','2.50061365763346');
INSERT INTO "task_3_3_emdat" VALUES(56,3.7558441162109375e+00,'2.54110496274887','2.54110496274887');
INSERT INTO "task_3_3_emdat" VALUES(57,-1,'2.54110496274887','2.54110496274887');
INSERT INTO "task_3_3_emdat" VALUES(58,-1,'2.54110496274887','2.54110496274887');
INSERT INTO "task_3_3_emdat" VALUES(59,-1,'2.54110496274887','2.54110496274887');
INSERT INTO "task_3_3_emdat" VALUES(60,-1,'2.54110496274887','2.54110496274887');
INSERT INTO "task_3_3_emdat" VALUES(61,-1,'2.54110496274887','2.54110496274887');
INSERT INTO "task_3_3_emdat" VALUES(62,3.72353820800781232236e+00,'2.62934624970849','2.62934624970849');
INSERT INTO "task_3_3_emdat" VALUES(63,-1,'2.62934624970849','2.62934624970849');
INSERT INTO "task_3_3_emdat" VALUES(64,3.18633778889973973136e+00,'2.65321731567383','2.65321731567383');
INSERT INTO "task_3_3_emdat" VALUES(65,-1,'2.65321731567383','2.65321731567383');
INSERT INTO "task_3_3_emdat" VALUES(66,-1,'2.65321731567383','2.65321731567383');
INSERT INTO "task_3_3_emdat" VALUES(67,3.52181782441980706366e+00,'2.82294385186557','2.82294385186557');
INSERT INTO "task_3_3_emdat" VALUES(68,3.76652430562139706182e+00,'3.33446378205952','3.33446378205952');
INSERT INTO "task_3_3_emdat" VALUES(69,-1,'3.33446378205952','3.33446378205952');
INSERT INTO "task_3_3_emdat" VALUES(70,-1,'3.33446378205952','3.33446378205952');
INSERT INTO "task_3_3_emdat" VALUES(71,-1,'3.33446378205952','3.33446378205952');
INSERT INTO "task_3_3_emdat" VALUES(72,-1,'3.33446378205952','3.33446378205952');
INSERT INTO "task_3_3_emdat" VALUES(73,-1,'3.33446378205952','3.33446378205952');
INSERT INTO "task_3_3_emdat" VALUES(74,-1,'3.33446378205952','3.33446378205952');
INSERT INTO "task_3_3_emdat" VALUES(75,-1,'3.33446378205952','3.33446378205952');
INSERT INTO "task_3_3_emdat" VALUES(76,-1,'3.33446378205952','3.33446378205952');
INSERT INTO "task_3_3_emdat" VALUES(77,-1,'3.33446378205952','3.33446378205952');
INSERT INTO "task_3_3_emdat" VALUES(78,-1,'3.33446378205952','3.33446378205952');
INSERT INTO "task_3_3_emdat" VALUES(79,-1,'3.33446378205952','3.33446378205952');
INSERT INTO "task_3_3_emdat" VALUES(80,-1,'3.33446378205952','3.33446378205952');
INSERT INTO "task_3_3_emdat" VALUES(81,-1,'3.33446378205952','3.33446378205952');
INSERT INTO "task_3_3_emdat" VALUES(82,-1,'3.33446378205952','3.33446378205952');
INSERT INTO "task_3_3_emdat" VALUES(83,-1,'3.33446378205952','3.33446378205952');
INSERT INTO "task_3_3_emdat" VALUES(84,-1,'3.33446378205952','3.33446378205952');
INSERT INTO "task_3_3_emdat" VALUES(85,-1,'3.33446378205952','3.33446378205952');
INSERT INTO "task_3_3_emdat" VALUES(86,-1,'3.33446378205952','3.33446378205952');
INSERT INTO "task_3_3_emdat" VALUES(87,-1,'3.33446378205952','3.33446378205952');
INSERT INTO "task_3_3_emdat" VALUES(88,-1,'3.33446378205952','3.33446378205952');
INSERT INTO "task_3_3_emdat" VALUES(89,3.79738317217145660009e+00,'3.47638067537851','3.47638067537851');
INSERT INTO "task_3_3_emdat" VALUES(90,-1,'3.47638067537851','3.47638067537851');
INSERT INTO "task_3_3_emdat" VALUES(91,3.50350189208984375e+00,'3.47686671868875','3.47686671868875');
INSERT INTO "task_3_3_emdat" VALUES(92,3.62302621205647801261e+00,'3.49832132321979','3.49832132321979');
INSERT INTO "task_3_3_emdat" VALUES(93,-1,'3.49832132321979','3.49832132321979');
INSERT INTO "task_3_3_emdat" VALUES(94,2.603137969970703125e+00,'3.49287947912709','3.49287947912709');
INSERT INTO "task_3_3_emdat" VALUES(95,3.40973883408766509361e+00,'3.48153219948916','3.48153219948916');
INSERT INTO "task_3_3_emdat" VALUES(96,3.38083902994791651863e+00,'3.47771806427927','3.47771806427927');
INSERT INTO "task_3_3_emdat" VALUES(97,-1,'3.47771806427927','3.47771806427927');
INSERT INTO "task_3_3_emdat" VALUES(98,3.39951883951822919627e+00,'3.4652659584256','3.4652659584256');
INSERT INTO "task_3_3_emdat" VALUES(99,3.51022981342516438019e+00,'3.47012001095396','3.47012001095396');
INSERT INTO "task_3_3_emdat" VALUES(100,-1,'3.47012001095396','3.47012001095396');
INSERT INTO "task_3_3_emdat" VALUES(101,-1,'3.47012001095396','3.47012001095396');
INSERT INTO "task_3_3_emdat" VALUES(102,-1,'3.47012001095396','3.47012001095396');
INSERT INTO "task_3_3_emdat" VALUES(103,-1,'3.47012001095396','3.47012001095396');
INSERT INTO "task_3_3_emdat" VALUES(104,-1,'3.47012001095396','3.47012001095396');
INSERT INTO "task_3_3_emdat" VALUES(105,-1,'3.47012001095396','3.47012001095396');
INSERT INTO "task_3_3_emdat" VALUES(106,-1,'3.47012001095396','3.47012001095396');
INSERT INTO "task_3_3_emdat" VALUES(107,-1,'3.47012001095396','3.47012001095396');
INSERT INTO "task_3_3_emdat" VALUES(108,-1,'3.47012001095396','3.47012001095396');
INSERT INTO "task_3_3_emdat" VALUES(109,-1,'3.47012001095396','3.47012001095396');
INSERT INTO "task_3_3_emdat" VALUES(110,-1,'3.47012001095396','3.47012001095396');
INSERT INTO "task_3_3_emdat" VALUES(111,3.91548919677734375e+00,'3.47096191867763','3.47096191867763');
INSERT INTO "task_3_3_emdat" VALUES(112,3.83446782430013,'3.49047028570567','3.49047028570567');
INSERT INTO "task_3_3_emdat" VALUES(113,3.319366455078125e+00,'3.49016474315098','3.49016474315098');
INSERT INTO "task_3_3_emdat" VALUES(114,-1,'3.49016474315098','3.49016474315098');
INSERT INTO "task_3_3_emdat" VALUES(115,-1,'3.49016474315098','3.49016474315098');
INSERT INTO "task_3_3_emdat" VALUES(116,2.86979233591180094009e+00,'3.46980709939011','3.46980709939011');
INSERT INTO "task_3_3_emdat" VALUES(117,-1,'3.46980709939011','3.46980709939011');
INSERT INTO "task_3_3_emdat" VALUES(118,3.40724690755208348136e+00,'3.46948462417445','3.46948462417445');
INSERT INTO "task_3_3_emdat" VALUES(119,-1,'3.46948462417445','3.46948462417445');
INSERT INTO "task_3_3_emdat" VALUES(120,2.366397857666015625e+00,'3.4657069297686','3.4657069297686');
INSERT INTO "task_3_3_emdat" VALUES(121,3.576778411865234375e+00,'3.46608601332524','3.46608601332524');
INSERT INTO "task_3_3_emdat" VALUES(122,-1,'3.46608601332524','3.46608601332524');
INSERT INTO "task_3_3_emdat" VALUES(123,1.3808135986328125e+00,'3.46253359013156','3.46253359013156');
INSERT INTO "task_3_3_emdat" VALUES(124,2.23303463584498373961e+00,'3.42398494304997','3.42398494304997');
INSERT INTO "task_3_3_emdat" VALUES(125,1.2412261962890625e+00,'3.42038896488397','3.42038896488397');
INSERT INTO "task_3_3_emdat" VALUES(126,2.6748809814453125e+00,'3.41672253217853','3.41672253217853');
INSERT INTO "task_3_3_emdat" VALUES(127,3.39062395962801854665e+00,'3.41417444669283','3.41417444669283');
INSERT INTO "task_3_3_emdat" VALUES(128,3.25486492288523709959e+00,'3.40762128897592','3.40762128897592');
INSERT INTO "task_3_3_emdat" VALUES(129,3.11144387094598062759e+00,'3.37879992691411','3.37879992691411');
INSERT INTO "task_3_3_emdat" VALUES(130,-1,'3.37879992691411','3.37879992691411');
INSERT INTO "task_3_3_emdat" VALUES(131,-1,'3.37879992691411','3.37879992691411');
INSERT INTO "task_3_3_emdat" VALUES(132,-1,'3.37879992691411','3.37879992691411');
INSERT INTO "task_3_3_emdat" VALUES(133,-1,'3.37879992691411','3.37879992691411');
INSERT INTO "task_3_3_emdat" VALUES(134,-1,'3.37879992691411','3.37879992691411');
INSERT INTO "task_3_3_emdat" VALUES(135,-1,'3.37879992691411','3.37879992691411');
INSERT INTO "task_3_3_emdat" VALUES(136,-1,'3.37879992691411','3.37879992691411');
INSERT INTO "task_3_3_emdat" VALUES(137,3.46890091896057128906e+00,'3.38562414406319','3.38562414406319');
INSERT INTO "task_3_3_emdat" VALUES(138,3.44660459245954253759e+00,'3.39353715796426','3.39353715796426');
INSERT INTO "task_3_3_emdat" VALUES(139,3.31677051191570360089e+00,'3.36436975413355','3.36436975413355');
INSERT INTO "task_3_3_emdat" VALUES(140,3.22577889021052888196e+00,'3.35715497550318','3.35715497550318');
INSERT INTO "task_3_3_emdat" VALUES(141,3.31398474001416953882e+00,'3.35586214989546','3.35586214989546');
INSERT INTO "task_3_3_emdat" VALUES(142,-1,'3.35586214989546','3.35586214989546');
INSERT INTO "task_3_3_emdat" VALUES(143,-1,'3.35586214989546','3.35586214989546');
INSERT INTO "task_3_3_emdat" VALUES(144,3.1851043701171875e+00,'3.35407618822434','3.35407618822434');
INSERT INTO "task_3_3_emdat" VALUES(145,4.101898193359375e+00,'3.35451046348864','3.35451046348864');
INSERT INTO "task_3_3_emdat" VALUES(146,-1,'3.35451046348864','3.35451046348864');
INSERT INTO "task_3_3_emdat" VALUES(147,3.5402984619140625e+00,'3.35461829169434','3.35461829169434');
INSERT INTO "task_3_3_emdat" VALUES(148,2.91192512512207,'3.34457420396724','3.34457420396724');
INSERT INTO "task_3_3_emdat" VALUES(149,-1,'3.34457420396724','3.34457420396724');
INSERT INTO "task_3_3_emdat" VALUES(150,-1,'3.34457420396724','3.34457420396724');
INSERT INTO "task_3_3_emdat" VALUES(151,-1,'3.34457420396724','3.34457420396724');
INSERT INTO "task_3_3_emdat" VALUES(152,-1,'3.34457420396724','3.34457420396724');
INSERT INTO "task_3_3_emdat" VALUES(153,3.416229248046875e+00,'3.34465539948461','3.34465539948461');
INSERT INTO "task_3_3_emdat" VALUES(154,2.342548370361328125e+00,'3.34352115270575','3.34352115270575');
INSERT INTO "task_3_3_emdat" VALUES(155,3.60607480135830948952e+00,'3.35144675680887','3.35144675680887');
INSERT INTO "task_3_3_emdat" VALUES(156,-1,'3.35144675680887','3.35144675680887');
INSERT INTO "task_3_3_emdat" VALUES(157,3.65396638350053271082e+00,'3.35505599313599','3.35505599313599');
CREATE TABLE task_4_3_emdat ( `id` INTEGER, `interval_value` INTEGER, `task_value` TEXT, `runtime_value` TEXT, PRIMARY KEY(`id`) );
INSERT INTO "task_4_3_emdat" VALUES(2,-1,'-1','-1');
INSERT INTO "task_4_3_emdat" VALUES(3,-1,'-1','-1');
INSERT INTO "task_4_3_emdat" VALUES(4,-1,'-1','-1');
INSERT INTO "task_4_3_emdat" VALUES(5,-1,'-1','-1');
INSERT INTO "task_4_3_emdat" VALUES(6,-1,'-1','-1');
INSERT INTO "task_4_3_emdat" VALUES(7,-1,'-1','-1');
INSERT INTO "task_4_3_emdat" VALUES(8,-1,'-1','-1');
INSERT INTO "task_4_3_emdat" VALUES(9,-1,'-1','-1');
INSERT INTO "task_4_3_emdat" VALUES(10,-1,'-1','-1');
INSERT INTO "task_4_3_emdat" VALUES(11,-1,'-1','-1');
INSERT INTO "task_4_3_emdat" VALUES(12,-1,'-1','-1');
INSERT INTO "task_4_3_emdat" VALUES(13,-1,'-1','-1');
INSERT INTO "task_4_3_emdat" VALUES(14,-1,'-1','-1');
INSERT INTO "task_4_3_emdat" VALUES(15,-1,'-1','-1');
INSERT INTO "task_4_3_emdat" VALUES(16,-1,'-1','-1');
INSERT INTO "task_4_3_emdat" VALUES(17,-1,'-1','-1');
INSERT INTO "task_4_3_emdat" VALUES(18,-1,'-1','-1');
INSERT INTO "task_4_3_emdat" VALUES(19,-1,'-1','-1');
INSERT INTO "task_4_3_emdat" VALUES(20,-1,'-1','-1');
INSERT INTO "task_4_3_emdat" VALUES(21,-1,'-1','-1');
INSERT INTO "task_4_3_emdat" VALUES(22,-1,'-1','-1');
INSERT INTO "task_4_3_emdat" VALUES(23,-1,'-1','-1');
INSERT INTO "task_4_3_emdat" VALUES(24,-1,'-1','-1');
INSERT INTO "task_4_3_emdat" VALUES(25,-1,'-1','-1');
INSERT INTO "task_4_3_emdat" VALUES(26,-1,'-1','-1');
INSERT INTO "task_4_3_emdat" VALUES(27,-1,'-1','-1');
INSERT INTO "task_4_3_emdat" VALUES(28,-1,'-1','-1');
INSERT INTO "task_4_3_emdat" VALUES(29,-1,'-1','-1');
INSERT INTO "task_4_3_emdat" VALUES(30,-1,'-1','-1');
INSERT INTO "task_4_3_emdat" VALUES(31,-1,'-1','-1');
INSERT INTO "task_4_3_emdat" VALUES(32,-1,'-1','-1');
INSERT INTO "task_4_3_emdat" VALUES(33,-1,'-1','-1');
INSERT INTO "task_4_3_emdat" VALUES(34,-1,'-1','-1');
INSERT INTO "task_4_3_emdat" VALUES(35,-1,'-1','-1');
INSERT INTO "task_4_3_emdat" VALUES(36,-1,'-1','-1');
INSERT INTO "task_4_3_emdat" VALUES(37,-1,'-1','-1');
INSERT INTO "task_4_3_emdat" VALUES(38,-1,'-1','-1');
INSERT INTO "task_4_3_emdat" VALUES(39,-1,'-1','-1');
INSERT INTO "task_4_3_emdat" VALUES(40,-1,'-1','-1');
INSERT INTO "task_4_3_emdat" VALUES(41,-1,'-1','-1');
INSERT INTO "task_4_3_emdat" VALUES(42,-1,'-1','-1');
INSERT INTO "task_4_3_emdat" VALUES(43,-1,'-1','-1');
INSERT INTO "task_4_3_emdat" VALUES(44,-1,'-1','-1');
INSERT INTO "task_4_3_emdat" VALUES(45,-1,'-1','-1');
INSERT INTO "task_4_3_emdat" VALUES(46,-1,'-1','-1');
INSERT INTO "task_4_3_emdat" VALUES(47,4.76195604836696517736e+02,'476.195604836697','476.195604836697');
INSERT INTO "task_4_3_emdat" VALUES(48,-1,'476.195604836697','476.195604836697');
INSERT INTO "task_4_3_emdat" VALUES(49,-1,'476.195604836697','476.195604836697');
INSERT INTO "task_4_3_emdat" VALUES(50,-1,'476.195604836697','476.195604836697');
INSERT INTO "task_4_3_emdat" VALUES(51,-1,'476.195604836697','476.195604836697');
INSERT INTO "task_4_3_emdat" VALUES(52,-1,'476.195604836697','476.195604836697');
INSERT INTO "task_4_3_emdat" VALUES(53,-1,'476.195604836697','476.195604836697');
INSERT INTO "task_4_3_emdat" VALUES(54,-1,'476.195604836697','476.195604836697');
INSERT INTO "task_4_3_emdat" VALUES(55,-1,'476.195604836697','476.195604836697');
INSERT INTO "task_4_3_emdat" VALUES(56,-1,'476.195604836697','476.195604836697');
INSERT INTO "task_4_3_emdat" VALUES(57,-1,'476.195604836697','476.195604836697');
INSERT INTO "task_4_3_emdat" VALUES(58,-1,'476.195604836697','476.195604836697');
INSERT INTO "task_4_3_emdat" VALUES(59,-1,'476.195604836697','476.195604836697');
INSERT INTO "task_4_3_emdat" VALUES(60,-1,'476.195604836697','476.195604836697');
INSERT INTO "task_4_3_emdat" VALUES(61,-1,'476.195604836697','476.195604836697');
INSERT INTO "task_4_3_emdat" VALUES(62,-1,'476.195604836697','476.195604836697');
INSERT INTO "task_4_3_emdat" VALUES(63,-1,'476.195604836697','476.195604836697');
INSERT INTO "task_4_3_emdat" VALUES(64,-1,'476.195604836697','476.195604836697');
INSERT INTO "task_4_3_emdat" VALUES(65,-1,'476.195604836697','476.195604836697');
INSERT INTO "task_4_3_emdat" VALUES(66,-1,'476.195604836697','476.195604836697');
INSERT INTO "task_4_3_emdat" VALUES(67,5.7694710490907343825e+02,'555.634287586071','555.634287586071');
INSERT INTO "task_4_3_emdat" VALUES(68,-1,'555.634287586071','555.634287586071');
INSERT INTO "task_4_3_emdat" VALUES(69,-1,'555.634287586071','555.634287586071');
INSERT INTO "task_4_3_emdat" VALUES(70,-1,'555.634287586071','555.634287586071');
INSERT INTO "task_4_3_emdat" VALUES(71,-1,'555.634287586071','555.634287586071');
INSERT INTO "task_4_3_emdat" VALUES(72,-1,'555.634287586071','555.634287586071');
INSERT INTO "task_4_3_emdat" VALUES(73,-1,'555.634287586071','555.634287586071');
INSERT INTO "task_4_3_emdat" VALUES(74,-1,'555.634287586071','555.634287586071');
INSERT INTO "task_4_3_emdat" VALUES(75,-1,'555.634287586071','555.634287586071');
INSERT INTO "task_4_3_emdat" VALUES(76,-1,'555.634287586071','555.634287586071');
INSERT INTO "task_4_3_emdat" VALUES(77,-1,'555.634287586071','555.634287586071');
INSERT INTO "task_4_3_emdat" VALUES(78,-1,'555.634287586071','555.634287586071');
INSERT INTO "task_4_3_emdat" VALUES(79,-1,'555.634287586071','555.634287586071');
INSERT INTO "task_4_3_emdat" VALUES(80,-1,'555.634287586071','555.634287586071');
INSERT INTO "task_4_3_emdat" VALUES(81,-1,'555.634287586071','555.634287586071');
INSERT INTO "task_4_3_emdat" VALUES(82,-1,'555.634287586071','555.634287586071');
INSERT INTO "task_4_3_emdat" VALUES(83,-1,'555.634287586071','555.634287586071');
INSERT INTO "task_4_3_emdat" VALUES(84,-1,'555.634287586071','555.634287586071');
INSERT INTO "task_4_3_emdat" VALUES(85,-1,'555.634287586071','555.634287586071');
INSERT INTO "task_4_3_emdat" VALUES(86,-1,'555.634287586071','555.634287586071');
INSERT INTO "task_4_3_emdat" VALUES(87,-1,'555.634287586071','555.634287586071');
INSERT INTO "task_4_3_emdat" VALUES(88,-1,'555.634287586071','555.634287586071');
INSERT INTO "task_4_3_emdat" VALUES(89,-1,'555.634287586071','555.634287586071');
INSERT INTO "task_4_3_emdat" VALUES(90,-1,'555.634287586071','555.634287586071');
INSERT INTO "task_4_3_emdat" VALUES(91,-1,'555.634287586071','555.634287586071');
INSERT INTO "task_4_3_emdat" VALUES(92,-1,'555.634287586071','555.634287586071');
INSERT INTO "task_4_3_emdat" VALUES(93,6.07627830514910360903e+02,'557.559974361213','557.559974361213');
INSERT INTO "task_4_3_emdat" VALUES(94,-1,'557.559974361213','557.559974361213');
INSERT INTO "task_4_3_emdat" VALUES(95,-1,'557.559974361213','557.559974361213');
INSERT INTO "task_4_3_emdat" VALUES(96,-1,'557.559974361213','557.559974361213');
INSERT INTO "task_4_3_emdat" VALUES(97,-1,'557.559974361213','557.559974361213');
INSERT INTO "task_4_3_emdat" VALUES(98,-1,'557.559974361213','557.559974361213');
INSERT INTO "task_4_3_emdat" VALUES(99,6.92203313910547279874e+02,'605.646881343118','605.646881343118');
INSERT INTO "task_4_3_emdat" VALUES(100,-1,'605.646881343118','605.646881343118');
INSERT INTO "task_4_3_emdat" VALUES(101,-1,'605.646881343118','605.646881343118');
INSERT INTO "task_4_3_emdat" VALUES(102,-1,'605.646881343118','605.646881343118');
INSERT INTO "task_4_3_emdat" VALUES(103,-1,'605.646881343118','605.646881343118');
INSERT INTO "task_4_3_emdat" VALUES(104,-1,'605.646881343118','605.646881343118');
INSERT INTO "task_4_3_emdat" VALUES(105,-1,'605.646881343118','605.646881343118');
INSERT INTO "task_4_3_emdat" VALUES(106,-1,'605.646881343118','605.646881343118');
INSERT INTO "task_4_3_emdat" VALUES(107,-1,'605.646881343118','605.646881343118');
INSERT INTO "task_4_3_emdat" VALUES(108,-1,'605.646881343118','605.646881343118');
INSERT INTO "task_4_3_emdat" VALUES(109,-1,'605.646881343118','605.646881343118');
INSERT INTO "task_4_3_emdat" VALUES(110,-1,'605.646881343118','605.646881343118');
INSERT INTO "task_4_3_emdat" VALUES(111,-1,'605.646881343118','605.646881343118');
INSERT INTO "task_4_3_emdat" VALUES(112,-1,'605.646881343118','605.646881343118');
INSERT INTO "task_4_3_emdat" VALUES(113,6.48956493788094146424e+02,'617.594360638284','617.594360638284');
INSERT INTO "task_4_3_emdat" VALUES(114,6.50500949313404319696e+02,'617.875613532943','617.875613532943');
INSERT INTO "task_4_3_emdat" VALUES(115,-1,'617.875613532943','617.875613532943');
INSERT INTO "task_4_3_emdat" VALUES(116,-1,'617.875613532943','617.875613532943');
INSERT INTO "task_4_3_emdat" VALUES(117,-1,'617.875613532943','617.875613532943');
INSERT INTO "task_4_3_emdat" VALUES(118,6.30904339225575672145e+02,'623.395172200758','623.395172200758');
INSERT INTO "task_4_3_emdat" VALUES(119,6.3034584935733981581e+02,'625.595049819339','625.595049819339');
INSERT INTO "task_4_3_emdat" VALUES(120,6.30457221709506221429e+02,'626.000230810186','626.000230810186');
INSERT INTO "task_4_3_emdat" VALUES(121,6.86378851465820360999e+02,'634.211723219353','634.211723219353');
INSERT INTO "task_4_3_emdat" VALUES(122,6.75542232834688860521e+02,'634.755545714291','634.755545714291');
INSERT INTO "task_4_3_emdat" VALUES(123,6.73850995397696195254e+02,'637.168845077465','637.168845077465');
INSERT INTO "task_4_3_emdat" VALUES(124,6.73041139659783560489e+02,'640.466522382117','640.466522382117');
INSERT INTO "task_4_3_emdat" VALUES(125,6.71560374484879307743e+02,'643.935159270075','643.935159270075');
INSERT INTO "task_4_3_emdat" VALUES(126,700.267183962757,'650.304858175254','650.304858175254');
INSERT INTO "task_4_3_emdat" VALUES(127,-1,'650.304858175254','650.304858175254');
INSERT INTO "task_4_3_emdat" VALUES(128,-1,'650.304858175254','650.304858175254');
INSERT INTO "task_4_3_emdat" VALUES(129,6.34326404217866191004e+02,'650.054760635052','650.054760635052');
INSERT INTO "task_4_3_emdat" VALUES(130,651.724574356649,'650.231350577616','650.231350577616');
INSERT INTO "task_4_3_emdat" VALUES(131,-1,'650.231350577616','650.231350577616');
INSERT INTO "task_4_3_emdat" VALUES(132,-1,'650.231350577616','650.231350577616');
INSERT INTO "task_4_3_emdat" VALUES(133,-1,'650.231350577616','650.231350577616');
INSERT INTO "task_4_3_emdat" VALUES(134,-1,'650.231350577616','650.231350577616');
INSERT INTO "task_4_3_emdat" VALUES(135,-1,'650.231350577616','650.231350577616');
INSERT INTO "task_4_3_emdat" VALUES(136,-1,'650.231350577616','650.231350577616');
INSERT INTO "task_4_3_emdat" VALUES(137,6.30198274835585259268e+02,'647.465389717791','647.465389717791');
INSERT INTO "task_4_3_emdat" VALUES(138,6.24057091744076686268e+02,'642.693794293053','642.693794293053');
INSERT INTO "task_4_3_emdat" VALUES(139,6.19878976439320883429e+02,'641.538028444333','641.538028444333');
INSERT INTO "task_4_3_emdat" VALUES(140,6.12119142064565124883e+02,'638.184169763695','638.184169763695');
INSERT INTO "task_4_3_emdat" VALUES(141,6.07759447953232445627e+02,'634.363168594406','634.363168594406');
INSERT INTO "task_4_3_emdat" VALUES(142,6.03946923335620144968e+02,'632.252472247011','632.252472247011');
INSERT INTO "task_4_3_emdat" VALUES(143,-1,'632.252472247011','632.252472247011');
INSERT INTO "task_4_3_emdat" VALUES(144,-1,'632.252472247011','632.252472247011');
INSERT INTO "task_4_3_emdat" VALUES(145,-1,'632.252472247011','632.252472247011');
INSERT INTO "task_4_3_emdat" VALUES(146,-1,'632.252472247011','632.252472247011');
INSERT INTO "task_4_3_emdat" VALUES(147,634.814932044876,'632.373729913159','632.373729913159');
INSERT INTO "task_4_3_emdat" VALUES(148,6.31269964521741133722e+02,'632.365344955075','632.365344955075');
INSERT INTO "task_4_3_emdat" VALUES(149,6.34510332238996355158e+02,'632.62908354904','632.62908354904');
INSERT INTO "task_4_3_emdat" VALUES(150,6.34314320355022154274e+02,'632.71252071963','632.71252071963');
INSERT INTO "task_4_3_emdat" VALUES(151,-1,'632.71252071963','632.71252071963');
INSERT INTO "task_4_3_emdat" VALUES(152,6.23305776826963064962e+02,'632.398439120542','632.398439120542');
INSERT INTO "task_4_3_emdat" VALUES(153,6.25718625627938429545e+02,'631.765791797313','631.765791797313');
INSERT INTO "task_4_3_emdat" VALUES(154,6.27363778021650908556e+02,'631.409147162711','631.409147162711');
INSERT INTO "task_4_3_emdat" VALUES(155,-1,'631.409147162711','631.409147162711');
INSERT INTO "task_4_3_emdat" VALUES(156,-1,'631.409147162711','631.409147162711');
INSERT INTO "task_4_3_emdat" VALUES(157,-1,'631.409147162711','631.409147162711');
CREATE TABLE task_5_3_emdat ( `id` INTEGER, `interval_value` INTEGER, `task_value` TEXT, `runtime_value` TEXT, PRIMARY KEY(`id`) );
INSERT INTO "task_5_3_emdat" VALUES(2,-1,'-1','-1');
INSERT INTO "task_5_3_emdat" VALUES(3,-1,'-1','-1');
INSERT INTO "task_5_3_emdat" VALUES(4,-1,'-1','-1');
INSERT INTO "task_5_3_emdat" VALUES(5,-1,'-1','-1');
INSERT INTO "task_5_3_emdat" VALUES(6,-1,'-1','-1');
INSERT INTO "task_5_3_emdat" VALUES(7,-1,'-1','-1');
INSERT INTO "task_5_3_emdat" VALUES(8,-1,'-1','-1');
INSERT INTO "task_5_3_emdat" VALUES(9,-1,'-1','-1');
INSERT INTO "task_5_3_emdat" VALUES(10,-1,'-1','-1');
INSERT INTO "task_5_3_emdat" VALUES(11,-1,'-1','-1');
INSERT INTO "task_5_3_emdat" VALUES(12,-1,'-1','-1');
INSERT INTO "task_5_3_emdat" VALUES(13,-1,'-1','-1');
INSERT INTO "task_5_3_emdat" VALUES(14,-1,'-1','-1');
INSERT INTO "task_5_3_emdat" VALUES(15,-1,'-1','-1');
INSERT INTO "task_5_3_emdat" VALUES(16,-1,'-1','-1');
INSERT INTO "task_5_3_emdat" VALUES(17,-1,'-1','-1');
INSERT INTO "task_5_3_emdat" VALUES(18,-1,'-1','-1');
INSERT INTO "task_5_3_emdat" VALUES(19,-1,'-1','-1');
INSERT INTO "task_5_3_emdat" VALUES(20,-1,'-1','-1');
INSERT INTO "task_5_3_emdat" VALUES(21,-1,'-1','-1');
INSERT INTO "task_5_3_emdat" VALUES(22,-1,'-1','-1');
INSERT INTO "task_5_3_emdat" VALUES(23,-1,'-1','-1');
INSERT INTO "task_5_3_emdat" VALUES(24,-1,'-1','-1');
INSERT INTO "task_5_3_emdat" VALUES(25,-1,'-1','-1');
INSERT INTO "task_5_3_emdat" VALUES(26,-1,'-1','-1');
INSERT INTO "task_5_3_emdat" VALUES(27,-1,'-1','-1');
INSERT INTO "task_5_3_emdat" VALUES(28,-1,'-1','-1');
INSERT INTO "task_5_3_emdat" VALUES(29,-1,'-1','-1');
INSERT INTO "task_5_3_emdat" VALUES(30,-1,'-1','-1');
INSERT INTO "task_5_3_emdat" VALUES(31,-1,'-1','-1');
INSERT INTO "task_5_3_emdat" VALUES(32,-1,'-1','-1');
INSERT INTO "task_5_3_emdat" VALUES(33,-1,'-1','-1');
INSERT INTO "task_5_3_emdat" VALUES(34,-1,'-1','-1');
INSERT INTO "task_5_3_emdat" VALUES(35,-1,'-1','-1');
INSERT INTO "task_5_3_emdat" VALUES(36,-1,'-1','-1');
INSERT INTO "task_5_3_emdat" VALUES(37,-1,'-1','-1');
INSERT INTO "task_5_3_emdat" VALUES(38,-1,'-1','-1');
INSERT INTO "task_5_3_emdat" VALUES(39,-1,'-1','-1');
INSERT INTO "task_5_3_emdat" VALUES(40,-1,'-1','-1');
INSERT INTO "task_5_3_emdat" VALUES(41,-1,'-1','-1');
INSERT INTO "task_5_3_emdat" VALUES(42,-1,'-1','-1');
INSERT INTO "task_5_3_emdat" VALUES(43,-1,'-1','-1');
INSERT INTO "task_5_3_emdat" VALUES(44,-1,'-1','-1');
INSERT INTO "task_5_3_emdat" VALUES(45,-1,'-1','-1');
INSERT INTO "task_5_3_emdat" VALUES(46,-1,'-1','-1');
INSERT INTO "task_5_3_emdat" VALUES(47,-1,'-1','-1');
INSERT INTO "task_5_3_emdat" VALUES(48,-1,'-1','-1');
INSERT INTO "task_5_3_emdat" VALUES(49,-1,'-1','-1');
INSERT INTO "task_5_3_emdat" VALUES(50,-1,'-1','-1');
INSERT INTO "task_5_3_emdat" VALUES(51,-1,'-1','-1');
INSERT INTO "task_5_3_emdat" VALUES(52,-1,'-1','-1');
INSERT INTO "task_5_3_emdat" VALUES(53,-1,'-1','-1');
INSERT INTO "task_5_3_emdat" VALUES(54,-1,'-1','-1');
INSERT INTO "task_5_3_emdat" VALUES(55,-1,'-1','-1');
INSERT INTO "task_5_3_emdat" VALUES(56,-1,'-1','-1');
INSERT INTO "task_5_3_emdat" VALUES(57,-1,'-1','-1');
INSERT INTO "task_5_3_emdat" VALUES(58,-1,'-1','-1');
INSERT INTO "task_5_3_emdat" VALUES(59,-1,'-1','-1');
INSERT INTO "task_5_3_emdat" VALUES(60,-1,'-1','-1');
INSERT INTO "task_5_3_emdat" VALUES(61,-1,'-1','-1');
INSERT INTO "task_5_3_emdat" VALUES(62,-1,'-1','-1');
INSERT INTO "task_5_3_emdat" VALUES(63,-1,'-1','-1');
INSERT INTO "task_5_3_emdat" VALUES(64,-1,'-1','-1');
INSERT INTO "task_5_3_emdat" VALUES(65,-1,'-1','-1');
INSERT INTO "task_5_3_emdat" VALUES(66,-1,'-1','-1');
INSERT INTO "task_5_3_emdat" VALUES(67,-1,'-1','-1');
INSERT INTO "task_5_3_emdat" VALUES(68,-1,'-1','-1');
INSERT INTO "task_5_3_emdat" VALUES(69,-1,'-1','-1');
INSERT INTO "task_5_3_emdat" VALUES(70,-1,'-1','-1');
INSERT INTO "task_5_3_emdat" VALUES(71,-1,'-1','-1');
INSERT INTO "task_5_3_emdat" VALUES(72,-1,'-1','-1');
INSERT INTO "task_5_3_emdat" VALUES(73,-1,'-1','-1');
INSERT INTO "task_5_3_emdat" VALUES(74,-1,'-1','-1');
INSERT INTO "task_5_3_emdat" VALUES(75,-1,'-1','-1');
INSERT INTO "task_5_3_emdat" VALUES(76,-1,'-1','-1');
INSERT INTO "task_5_3_emdat" VALUES(77,-1,'-1','-1');
INSERT INTO "task_5_3_emdat" VALUES(78,-1,'-1','-1');
INSERT INTO "task_5_3_emdat" VALUES(79,-1,'-1','-1');
INSERT INTO "task_5_3_emdat" VALUES(80,-1,'-1','-1');
INSERT INTO "task_5_3_emdat" VALUES(81,-1,'-1','-1');
INSERT INTO "task_5_3_emdat" VALUES(82,-1,'-1','-1');
INSERT INTO "task_5_3_emdat" VALUES(83,-1,'-1','-1');
INSERT INTO "task_5_3_emdat" VALUES(84,-1,'-1','-1');
INSERT INTO "task_5_3_emdat" VALUES(85,-1,'-1','-1');
INSERT INTO "task_5_3_emdat" VALUES(86,-1,'-1','-1');
INSERT INTO "task_5_3_emdat" VALUES(87,-1,'-1','-1');
INSERT INTO "task_5_3_emdat" VALUES(88,-1,'-1','-1');
INSERT INTO "task_5_3_emdat" VALUES(89,-1,'-1','-1');
INSERT INTO "task_5_3_emdat" VALUES(90,-1,'-1','-1');
INSERT INTO "task_5_3_emdat" VALUES(91,-1,'-1','-1');
INSERT INTO "task_5_3_emdat" VALUES(92,-1,'-1','-1');
INSERT INTO "task_5_3_emdat" VALUES(93,1.05073363777819928088e+01,'22.6019655279058','22.6019655279058');
INSERT INTO "task_5_3_emdat" VALUES(94,-1,'30.8082744141081','30.8082744141081');
INSERT INTO "task_5_3_emdat" VALUES(95,-1,'30.8082744141081','30.8082744141081');
INSERT INTO "task_5_3_emdat" VALUES(96,-1,'30.8082744141081','30.8082744141081');
INSERT INTO "task_5_3_emdat" VALUES(97,-1,'30.8082744141081','30.8082744141081');
INSERT INTO "task_5_3_emdat" VALUES(98,-1,'30.8082744141081','30.8082744141081');
INSERT INTO "task_5_3_emdat" VALUES(99,2.1424196433322313382e+00,'32.5099719598514','32.5099719598514');
INSERT INTO "task_5_3_emdat" VALUES(100,-1,'32.5099719598514','32.5099719598514');
INSERT INTO "task_5_3_emdat" VALUES(101,-1,'32.5099719598514','32.5099719598514');
INSERT INTO "task_5_3_emdat" VALUES(102,-1,'32.5099719598514','32.5099719598514');
INSERT INTO "task_5_3_emdat" VALUES(103,-1,'32.5099719598514','32.5099719598514');
INSERT INTO "task_5_3_emdat" VALUES(104,-1,'32.5099719598514','32.5099719598514');
INSERT INTO "task_5_3_emdat" VALUES(105,-1,'32.5099719598514','32.5099719598514');
INSERT INTO "task_5_3_emdat" VALUES(106,-1,'32.5099719598514','32.5099719598514');
INSERT INTO "task_5_3_emdat" VALUES(107,-1,'32.5099719598514','32.5099719598514');
INSERT INTO "task_5_3_emdat" VALUES(108,-1,'32.5099719598514','32.5099719598514');
INSERT INTO "task_5_3_emdat" VALUES(109,-1,'32.5099719598514','32.5099719598514');
INSERT INTO "task_5_3_emdat" VALUES(110,-1,'32.5099719598514','32.5099719598514');
INSERT INTO "task_5_3_emdat" VALUES(111,-1,'32.5099719598514','32.5099719598514');
INSERT INTO "task_5_3_emdat" VALUES(112,-1,'32.5099719598514','32.5099719598514');
INSERT INTO "task_5_3_emdat" VALUES(113,-1,'32.5099719598514','32.5099719598514');
INSERT INTO "task_5_3_emdat" VALUES(114,-1,'32.5099719598514','32.5099719598514');
INSERT INTO "task_5_3_emdat" VALUES(115,-1,'32.5099719598514','32.5099719598514');
INSERT INTO "task_5_3_emdat" VALUES(116,-1,'31.1587535008188','31.1587535008188');
INSERT INTO "task_5_3_emdat" VALUES(117,-1,'31.1587535008188','31.1587535008188');
INSERT INTO "task_5_3_emdat" VALUES(118,-1,'31.1587535008188','31.1587535008188');
INSERT INTO "task_5_3_emdat" VALUES(119,-1,'31.1587535008188','31.1587535008188');
INSERT INTO "task_5_3_emdat" VALUES(120,-1,'31.1587535008188','31.1587535008188');
INSERT INTO "task_5_3_emdat" VALUES(121,-1,'31.1587535008188','31.1587535008188');
INSERT INTO "task_5_3_emdat" VALUES(122,-1,'31.1587535008188','31.1587535008188');
INSERT INTO "task_5_3_emdat" VALUES(123,-1,'31.1587535008188','31.1587535008188');
INSERT INTO "task_5_3_emdat" VALUES(124,-1,'31.1587535008188','31.1587535008188');
INSERT INTO "task_5_3_emdat" VALUES(125,-1,'31.1587535008188','31.1587535008188');
INSERT INTO "task_5_3_emdat" VALUES(126,-1,'31.1587535008188','31.1587535008188');
INSERT INTO "task_5_3_emdat" VALUES(127,-1,'31.1587535008188','31.1587535008188');
INSERT INTO "task_5_3_emdat" VALUES(128,-1,'31.1587535008188','31.1587535008188');
INSERT INTO "task_5_3_emdat" VALUES(129,-1,'31.1587535008188','31.1587535008188');
INSERT INTO "task_5_3_emdat" VALUES(130,-1,'31.1587535008188','31.1587535008188');
INSERT INTO "task_5_3_emdat" VALUES(131,-1,'31.1587535008188','31.1587535008188');
INSERT INTO "task_5_3_emdat" VALUES(132,-1,'31.1587535008188','31.1587535008188');
INSERT INTO "task_5_3_emdat" VALUES(133,-1,'31.1587535008188','31.1587535008188');
INSERT INTO "task_5_3_emdat" VALUES(134,-1,'31.1587535008188','31.1587535008188');
INSERT INTO "task_5_3_emdat" VALUES(135,-1,'31.1587535008188','31.1587535008188');
INSERT INTO "task_5_3_emdat" VALUES(136,-1,'31.1587535008188','31.1587535008188');
INSERT INTO "task_5_3_emdat" VALUES(137,-1,'31.1587535008188','31.1587535008188');
INSERT INTO "task_5_3_emdat" VALUES(138,-1,'31.1587535008188','31.1587535008188');
INSERT INTO "task_5_3_emdat" VALUES(139,-1,'31.1587535008188','31.1587535008188');
INSERT INTO "task_5_3_emdat" VALUES(140,-1,'31.1587535008188','31.1587535008188');
INSERT INTO "task_5_3_emdat" VALUES(141,-1,'31.1587535008188','31.1587535008188');
INSERT INTO "task_5_3_emdat" VALUES(142,-1,'31.1587535008188','31.1587535008188');
INSERT INTO "task_5_3_emdat" VALUES(143,-1,'31.1587535008188','31.1587535008188');
INSERT INTO "task_5_3_emdat" VALUES(144,-1,'31.1587535008188','31.1587535008188');
INSERT INTO "task_5_3_emdat" VALUES(145,-1,'31.1587535008188','31.1587535008188');
INSERT INTO "task_5_3_emdat" VALUES(146,-1,'31.1587535008188','31.1587535008188');
INSERT INTO "task_5_3_emdat" VALUES(147,-1,'31.1587535008188','31.1587535008188');
INSERT INTO "task_5_3_emdat" VALUES(148,-1,'31.1587535008188','31.1587535008188');
INSERT INTO "task_5_3_emdat" VALUES(149,-1,'31.1587535008188','31.1587535008188');
INSERT INTO "task_5_3_emdat" VALUES(150,-1,'31.1587535008188','31.1587535008188');
INSERT INTO "task_5_3_emdat" VALUES(151,-1,'31.1587535008188','31.1587535008188');
INSERT INTO "task_5_3_emdat" VALUES(152,-1,'31.1587535008188','31.1587535008188');
INSERT INTO "task_5_3_emdat" VALUES(153,-1,'31.1587535008188','31.1587535008188');
INSERT INTO "task_5_3_emdat" VALUES(154,-1,'31.1587535008188','31.1587535008188');
INSERT INTO "task_5_3_emdat" VALUES(155,-1,'31.1587535008188','31.1587535008188');
INSERT INTO "task_5_3_emdat" VALUES(156,-1,'31.1587535008188','31.1587535008188');
INSERT INTO "task_5_3_emdat" VALUES(157,-1,'31.1587535008188','31.1587535008188');
CREATE TABLE `task_state` (
        `property`      TEXT NOT NULL,
        `value` INTEGER,
        PRIMARY KEY(`property`)
);
CREATE TABLE "user_state" (
	`event_name`	TEXT NOT NULL,
	`type`	TEXT,
	`aoi`	TEXT,
	`feature`	TEXT,
	PRIMARY KEY(`event_name`)
);
INSERT INTO "user_state" VALUES('text_fix','fix','text','');
INSERT INTO "user_state" VALUES('pupil','emdat','vis','meanpupilsize');
INSERT INTO "user_state" VALUES('reading_proficiency','ml','',NULL);
INSERT INTO "user_state" VALUES('vis_fix','fix','vis',NULL);
INSERT INTO "user_state" VALUES('text_1_emdat','emdat','text_1','meanpupilsize');
INSERT INTO "user_state" VALUES('text_2_emdat','emdat','text_2','meanpupilvelocity');
INSERT INTO "user_state" VALUES('task_1_fixrate','emdat','text','fixationrate');
INSERT INTO "user_state" VALUES('task_1_3_emdat','emdat','t3_aoi1','fixationrate');
INSERT INTO "user_state" VALUES('task_2_3_emdat','emdat','t3_aoi2','meanpupilvelocity');
INSERT INTO "user_state" VALUES('task_3_3_emdat','emdat','t3_aoi3','meanpupilsize');
INSERT INTO "user_state" VALUES('task_4_3_emdat','emdat','t3_aoi4','meandistance');
INSERT INTO "user_state" VALUES('task_5_3_emdat','emdat','t3_aoi5','stddevdistance');
INSERT INTO "user_state" VALUES('task_1_4_emdat','emdat','t4_aoi1','meanpupilvelocity');
INSERT INTO "user_state" VALUES('task_2_4_emdat','emdat','t4_aoi2','meanpupilsize');
INSERT INTO "user_state" VALUES('task_3_4_emdat','emdat','t4_aoi3','meandistance');
INSERT INTO "user_state" VALUES('task_4_4_emdat','emdat','t4_aoi4','stddevdistance');
INSERT INTO "user_state" VALUES('task_5_4_emdat','emdat','t4_aoi5','fixationrate');
INSERT INTO "user_state" VALUES('task_6_4_emdat','emdat','t4_aoi6','meanfixationduration');
INSERT INTO "user_state" VALUES('task_7_4_emdat','emdat','t4_aoi7','stddevfixationduration');
INSERT INTO "user_state" VALUES('bad_type','same','text',NULL);
INSERT INTO "user_state" VALUES('task_2_2_emdat','emdat','text','maxpupilsize');
CREATE TABLE "user_state_task" (
        `event_name`    TEXT,
        `task`  INTEGER,
        PRIMARY KEY(`event_name`,`task`)
);
INSERT INTO "user_state_task" VALUES('text_fix',2);
INSERT INTO "user_state_task" VALUES('pupil',2);
INSERT INTO "user_state_task" VALUES('pupil',1);
INSERT INTO "user_state_task" VALUES('reading_proficiency',1);
INSERT INTO "user_state_task" VALUES('reading_proficiency',2);
INSERT INTO "user_state_task" VALUES('vis_fix',2);
INSERT INTO "user_state_task" VALUES('task_1_3_emdat',3);
INSERT INTO "user_state_task" VALUES('task_2_3_emdat',3);
INSERT INTO "user_state_task" VALUES('task_3_3_emdat',3);
INSERT INTO "user_state_task" VALUES('task_4_3_emdat',3);
INSERT INTO "user_state_task" VALUES('task_5_3_emdat',3);
INSERT INTO "user_state_task" VALUES('task_1_4_emdat',4);
INSERT INTO "user_state_task" VALUES('task_2_4_emdat',4);
INSERT INTO "user_state_task" VALUES('task_3_4_emdat',4);
INSERT INTO "user_state_task" VALUES('task_4_4_emdat',4);
INSERT INTO "user_state_task" VALUES('task_5_4_emdat',4);
INSERT INTO "user_state_task" VALUES('task_6_4_emdat',4);
INSERT INTO "user_state_task" VALUES('task_7_4_emdat',4);
INSERT INTO "user_state_task" VALUES('bad_type',1024);
INSERT INTO "user_state_task" VALUES('task_2_2_emdat',2);
COMMIT;
