BEGIN TRANSACTION;
CREATE TABLE "aoi" (
        `name`  TEXT NOT NULL,
        `task`  INTEGER NOT NULL,
        `dynamic`       INTEGER,
        `polygon`       BLOB,
        PRIMARY KEY(`name`,`task`)
);
INSERT INTO "aoi" VALUES('text',1,1,'[(0,0),(300,0),(300,300),(0,300)]');
INSERT INTO "aoi" VALUES('vis',1,1,'[(1000,800),(1280,800),(1280,1080),(1000,1080)]
');
INSERT INTO "aoi" VALUES('text',2,1,'[(0,0),(200,0),(0,200),(200,200)]
');
INSERT INTO "aoi" VALUES('vis',2,1,'[(1000,800),(1280,800),(1280,1080),(1000,1080)]');
INSERT INTO "aoi" VALUES('t3_aoi1',3,1,'[(0,0),(200,0),(0,200),(200,200)]');
INSERT INTO "aoi" VALUES('t3_aoi2',3,1,'[(1000,800),(1280,800),(1280,1080),(1000,1080)]');
INSERT INTO "aoi" VALUES('t3_aoi3',3,1,'[(300,300),(300,600),(600,300),(600,600)]');
INSERT INTO "aoi" VALUES('t3_aoi4',3,1,'[(800,300),(800,500),(1000,300),(1000,500)]');
INSERT INTO "aoi" VALUES('t3_aoi5',3,1,'[(1000, 0),(1000,200),(1280,0),(1280,200)]');
INSERT INTO "aoi" VALUES('t4_aoi1',4,1,'[(0,0),(200,0),(0,200),(200,200)]');
INSERT INTO "aoi" VALUES('t4_aoi2',4,1,'[(1000,800),(1280,800),(1280,1080),(1000,1080)]');
INSERT INTO "aoi" VALUES('t4_aoi3',4,1,'[(300,300),(300,600),(600,300),(600,600)]');
INSERT INTO "aoi" VALUES('t4_aoi4',4,1,'[(800,300),(800,500),(1000,300),(1000,500)]');
INSERT INTO "aoi" VALUES('t4_aoi5',4,1,'[(1000, 0),(1000,200),(1280,0),(1280,200)]');
INSERT INTO "aoi" VALUES('t4_aoi6',4,1,'[(600,600),(800,600),(600,800),(800,800)]');
INSERT INTO "aoi" VALUES('t4_aoi7',4,1,'[(300,900),(300,1100),(500,900),(500,1100)]');
CREATE TABLE "aoi_state" (
        `aoi`   TEXT,
        `task`  INTEGER,
        `active`        INTEGER,
        PRIMARY KEY(`aoi`)
);
CREATE TABLE intervention_state ( `intervention` TEXT, `active` INTEGER, time_stamp INTEGER, occurences INTEGER, PRIMARY KEY(`intervention`));
CREATE TABLE rule_state ( `rule` TEXT, time_stamp INTEGER, occurences INTEGER, PRIMARY KEY(`rule`));
CREATE TABLE task_1_3_emdat ( `id` INTEGER, `interval_value` INTEGER, `task_value` TEXT, `runtime_value` TEXT, PRIMARY KEY(`id`) );
INSERT INTO "task_1_3_emdat" VALUES(2,0,'0','0');
INSERT INTO "task_1_3_emdat" VALUES(3,0,'0','0');
INSERT INTO "task_1_3_emdat" VALUES(4,0,'0','0');
INSERT INTO "task_1_3_emdat" VALUES(5,0,'0','0');
INSERT INTO "task_1_3_emdat" VALUES(6,0,'0','0');
INSERT INTO "task_1_3_emdat" VALUES(7,0,'0','0');
INSERT INTO "task_1_3_emdat" VALUES(8,0,'0','0');
INSERT INTO "task_1_3_emdat" VALUES(9,0,'0','0');
INSERT INTO "task_1_3_emdat" VALUES(10,0,'0','0');
INSERT INTO "task_1_3_emdat" VALUES(11,0,'0','0');
INSERT INTO "task_1_3_emdat" VALUES(12,0,'0','0');
INSERT INTO "task_1_3_emdat" VALUES(13,0,'0','0');
INSERT INTO "task_1_3_emdat" VALUES(14,0,'0','0');
INSERT INTO "task_1_3_emdat" VALUES(15,0,'0','0');
INSERT INTO "task_1_3_emdat" VALUES(16,0,'0','0');
INSERT INTO "task_1_3_emdat" VALUES(17,0,'0','0');
INSERT INTO "task_1_3_emdat" VALUES(18,0,'0','0');
INSERT INTO "task_1_3_emdat" VALUES(19,0,'0','0');
INSERT INTO "task_1_3_emdat" VALUES(20,0,'0','0');
INSERT INTO "task_1_3_emdat" VALUES(21,0,'0','0');
INSERT INTO "task_1_3_emdat" VALUES(22,0,'0','0');
INSERT INTO "task_1_3_emdat" VALUES(23,0,'0','0');
INSERT INTO "task_1_3_emdat" VALUES(24,0,'0','0');
INSERT INTO "task_1_3_emdat" VALUES(25,0,'0','0');
INSERT INTO "task_1_3_emdat" VALUES(26,0,'0','0');
INSERT INTO "task_1_3_emdat" VALUES(27,0,'0','0');
INSERT INTO "task_1_3_emdat" VALUES(28,0,'0','0');
INSERT INTO "task_1_3_emdat" VALUES(29,0,'0','0');
INSERT INTO "task_1_3_emdat" VALUES(30,0,'0','0');
INSERT INTO "task_1_3_emdat" VALUES(31,0,'0','0');
INSERT INTO "task_1_3_emdat" VALUES(32,0,'0','0');
INSERT INTO "task_1_3_emdat" VALUES(33,0,'0','0');
INSERT INTO "task_1_3_emdat" VALUES(34,0,'0','0');
INSERT INTO "task_1_3_emdat" VALUES(35,0,'0','0');
INSERT INTO "task_1_3_emdat" VALUES(36,0,'0','0');
INSERT INTO "task_1_3_emdat" VALUES(37,0,'0','0');
INSERT INTO "task_1_3_emdat" VALUES(38,0,'0','0');
INSERT INTO "task_1_3_emdat" VALUES(39,0,'0','0');
INSERT INTO "task_1_3_emdat" VALUES(40,0,'0','0');
INSERT INTO "task_1_3_emdat" VALUES(41,0,'0','0');
INSERT INTO "task_1_3_emdat" VALUES(42,0,'0','0');
INSERT INTO "task_1_3_emdat" VALUES(43,0,'0','0');
INSERT INTO "task_1_3_emdat" VALUES(44,0,'0','0');
INSERT INTO "task_1_3_emdat" VALUES(45,0,'0','0');
INSERT INTO "task_1_3_emdat" VALUES(46,0,'0','0');
INSERT INTO "task_1_3_emdat" VALUES(47,0,'0','0');
INSERT INTO "task_1_3_emdat" VALUES(48,0,'0','0');
INSERT INTO "task_1_3_emdat" VALUES(49,0,'0','0');
INSERT INTO "task_1_3_emdat" VALUES(50,0,'0','0');
INSERT INTO "task_1_3_emdat" VALUES(51,0,'0','0');
INSERT INTO "task_1_3_emdat" VALUES(52,0,'0','0');
INSERT INTO "task_1_3_emdat" VALUES(53,0,'0','0');
INSERT INTO "task_1_3_emdat" VALUES(54,0,'0','0');
INSERT INTO "task_1_3_emdat" VALUES(55,0,'0','0');
INSERT INTO "task_1_3_emdat" VALUES(56,0,'0','0');
INSERT INTO "task_1_3_emdat" VALUES(57,0,'0','0');
INSERT INTO "task_1_3_emdat" VALUES(58,0,'0','0');
INSERT INTO "task_1_3_emdat" VALUES(59,0,'0','0');
CREATE TABLE task_2_3_emdat ( `id` INTEGER, `interval_value` INTEGER, `task_value` TEXT, `runtime_value` TEXT, PRIMARY KEY(`id`) );
INSERT INTO "task_2_3_emdat" VALUES(2,-1,'-1','-1');
INSERT INTO "task_2_3_emdat" VALUES(3,-1,'-1','-1');
INSERT INTO "task_2_3_emdat" VALUES(4,-1,'-1','-1');
INSERT INTO "task_2_3_emdat" VALUES(5,-1,'-1','-1');
INSERT INTO "task_2_3_emdat" VALUES(6,-1,'-1','-1');
INSERT INTO "task_2_3_emdat" VALUES(7,-1,'-1','-1');
INSERT INTO "task_2_3_emdat" VALUES(8,-1,'-1','-1');
INSERT INTO "task_2_3_emdat" VALUES(9,-1,'-1','-1');
INSERT INTO "task_2_3_emdat" VALUES(10,-1,'-1','-1');
INSERT INTO "task_2_3_emdat" VALUES(11,-1,'-1','-1');
INSERT INTO "task_2_3_emdat" VALUES(12,-1,'-1','-1');
INSERT INTO "task_2_3_emdat" VALUES(13,-1,'-1','-1');
INSERT INTO "task_2_3_emdat" VALUES(14,-1,'-1','-1');
INSERT INTO "task_2_3_emdat" VALUES(15,-1,'-1','-1');
INSERT INTO "task_2_3_emdat" VALUES(16,-1,'-1','-1');
INSERT INTO "task_2_3_emdat" VALUES(17,-1,'-1','-1');
INSERT INTO "task_2_3_emdat" VALUES(18,-1,'-1','-1');
INSERT INTO "task_2_3_emdat" VALUES(19,-1,'-1','-1');
INSERT INTO "task_2_3_emdat" VALUES(20,-1,'-1','-1');
INSERT INTO "task_2_3_emdat" VALUES(21,-1,'-1','-1');
INSERT INTO "task_2_3_emdat" VALUES(22,-1,'-1','-1');
INSERT INTO "task_2_3_emdat" VALUES(23,-1,'-1','-1');
INSERT INTO "task_2_3_emdat" VALUES(24,-1,'-1','-1');
INSERT INTO "task_2_3_emdat" VALUES(25,-1,'-1','-1');
INSERT INTO "task_2_3_emdat" VALUES(26,-1,'-1','-1');
INSERT INTO "task_2_3_emdat" VALUES(27,-1,'-1','-1');
INSERT INTO "task_2_3_emdat" VALUES(28,-1,'-1','-1');
INSERT INTO "task_2_3_emdat" VALUES(29,-1,'-1','-1');
INSERT INTO "task_2_3_emdat" VALUES(30,-1,'-1','-1');
INSERT INTO "task_2_3_emdat" VALUES(31,-1,'-1','-1');
INSERT INTO "task_2_3_emdat" VALUES(32,-1,'-1','-1');
INSERT INTO "task_2_3_emdat" VALUES(33,-1,'-1','-1');
INSERT INTO "task_2_3_emdat" VALUES(34,-1,'-1','-1');
INSERT INTO "task_2_3_emdat" VALUES(35,3.71313803326938085547e-06,'3.71313803326938e-06','3.71313803326938e-06');
INSERT INTO "task_2_3_emdat" VALUES(36,-1,'3.71313803326938e-06','3.71313803326938e-06');
INSERT INTO "task_2_3_emdat" VALUES(37,-1,'3.71313803326938e-06','3.71313803326938e-06');
INSERT INTO "task_2_3_emdat" VALUES(38,3.16551264996840853171e-04,'0.000107992513687793','0.000107992513687793');
INSERT INTO "task_2_3_emdat" VALUES(39,-1,'0.000107992513687793','0.000107992513687793');
INSERT INTO "task_2_3_emdat" VALUES(40,-1,'0.000107992513687793','0.000107992513687793');
INSERT INTO "task_2_3_emdat" VALUES(41,-1,'0.000107992513687793','0.000107992513687793');
INSERT INTO "task_2_3_emdat" VALUES(42,-1,'0.000107992513687793','0.000107992513687793');
INSERT INTO "task_2_3_emdat" VALUES(43,-1,'0.000107992513687793','0.000107992513687793');
INSERT INTO "task_2_3_emdat" VALUES(44,-1,'0.000107992513687793','0.000107992513687793');
INSERT INTO "task_2_3_emdat" VALUES(45,-1,'0.000107992513687793','0.000107992513687793');
INSERT INTO "task_2_3_emdat" VALUES(46,-1,'0.000107992513687793','0.000107992513687793');
INSERT INTO "task_2_3_emdat" VALUES(47,-1,'0.000107992513687793','0.000107992513687793');
INSERT INTO "task_2_3_emdat" VALUES(48,-1,'0.000107992513687793','0.000107992513687793');
INSERT INTO "task_2_3_emdat" VALUES(49,-1,'0.000107992513687793','0.000107992513687793');
INSERT INTO "task_2_3_emdat" VALUES(50,-1,'0.000107992513687793','0.000107992513687793');
INSERT INTO "task_2_3_emdat" VALUES(51,-1,'0.000107992513687793','0.000107992513687793');
INSERT INTO "task_2_3_emdat" VALUES(52,-1,'0.000107992513687793','0.000107992513687793');
INSERT INTO "task_2_3_emdat" VALUES(53,-1,'0.000107992513687793','0.000107992513687793');
INSERT INTO "task_2_3_emdat" VALUES(54,-1,'0.000107992513687793','0.000107992513687793');
INSERT INTO "task_2_3_emdat" VALUES(55,-1,'0.000107992513687793','0.000107992513687793');
INSERT INTO "task_2_3_emdat" VALUES(56,-1,'0.000107992513687793','0.000107992513687793');
INSERT INTO "task_2_3_emdat" VALUES(57,-1,'0.000107992513687793','0.000107992513687793');
INSERT INTO "task_2_3_emdat" VALUES(58,-1,'0.000107992513687793','0.000107992513687793');
INSERT INTO "task_2_3_emdat" VALUES(59,-1,'0.000107992513687793','0.000107992513687793');
CREATE TABLE task_3_3_emdat ( `id` INTEGER, `interval_value` INTEGER, `task_value` TEXT, `runtime_value` TEXT, PRIMARY KEY(`id`) );
INSERT INTO "task_3_3_emdat" VALUES(2,2.7346326387845554251e+00,'2.73463263878456','2.73463263878456');
INSERT INTO "task_3_3_emdat" VALUES(3,-1,'2.73463263878456','2.73463263878456');
INSERT INTO "task_3_3_emdat" VALUES(4,3.1965961456298828125e+00,'2.92769201477962','2.92769201477962');
INSERT INTO "task_3_3_emdat" VALUES(5,4.10467109330203516748e+00,'3.65661655772816','3.65661655772816');
INSERT INTO "task_3_3_emdat" VALUES(6,-1,'3.65661655772816','3.65661655772816');
INSERT INTO "task_3_3_emdat" VALUES(7,-1,'3.65661655772816','3.65661655772816');
INSERT INTO "task_3_3_emdat" VALUES(8,4.19911241039787341833e+00,'3.84937149439103','3.84937149439103');
INSERT INTO "task_3_3_emdat" VALUES(9,4.10631999263057,'3.89180335648563','3.89180335648563');
INSERT INTO "task_3_3_emdat" VALUES(10,4.2593288421630859375e+00,'3.90058008450181','3.90058008450181');
INSERT INTO "task_3_3_emdat" VALUES(11,4.35221569354717541244e+00,'3.91745152966729','3.91745152966729');
INSERT INTO "task_3_3_emdat" VALUES(12,3.60342767503526495431e+00,'3.88801179329554','3.88801179329554');
INSERT INTO "task_3_3_emdat" VALUES(13,3.60115993333899453432e+00,'3.82190364921738','3.82190364921738');
INSERT INTO "task_3_3_emdat" VALUES(14,3.51486088679387,'3.81410764157772','3.81410764157772');
INSERT INTO "task_3_3_emdat" VALUES(15,-1,'3.81410764157772','3.81410764157772');
INSERT INTO "task_3_3_emdat" VALUES(16,-1,'3.81410764157772','3.81410764157772');
INSERT INTO "task_3_3_emdat" VALUES(17,-1,'3.81410764157772','3.81410764157772');
INSERT INTO "task_3_3_emdat" VALUES(18,4.01876613680876815237e+00,'3.86712337333801','3.86712337333801');
INSERT INTO "task_3_3_emdat" VALUES(19,3.724544525146484375e+00,'3.86589600879116','3.86589600879116');
INSERT INTO "task_3_3_emdat" VALUES(20,4.00379725864955382519e+00,'3.86726718599146','3.86726718599146');
INSERT INTO "task_3_3_emdat" VALUES(21,4.35123014450073242187e+00,'3.87802191840278','3.87802191840278');
INSERT INTO "task_3_3_emdat" VALUES(22,4.21376755658318,'3.88576639038251','3.88576639038251');
INSERT INTO "task_3_3_emdat" VALUES(23,4.28312611130048637164e+00,'3.91242470077321','3.91242470077321');
INSERT INTO "task_3_3_emdat" VALUES(24,4.25512480735778808593e+00,'3.93810714435801','3.93810714435801');
INSERT INTO "task_3_3_emdat" VALUES(25,4.14206112132352899379e+00,'3.94208787639981','3.94208787639981');
INSERT INTO "task_3_3_emdat" VALUES(26,4.21684656645122313278e+00,'3.96413820421809','3.96413820421809');
INSERT INTO "task_3_3_emdat" VALUES(27,4.234954833984375e+00,'3.96640682520042','3.96640682520042');
INSERT INTO "task_3_3_emdat" VALUES(28,-1,'3.96640682520042','3.96640682520042');
INSERT INTO "task_3_3_emdat" VALUES(29,4.11844635009765625e+00,'3.96656586236036','3.96656586236036');
INSERT INTO "task_3_3_emdat" VALUES(30,-1,'3.95766695878012','3.96656586236036');
INSERT INTO "task_3_3_emdat" VALUES(31,-1,'3.95901624681534','3.96656586236036');
INSERT INTO "task_3_3_emdat" VALUES(32,4.62894439697265625e+00,'3.95442746794273','3.96725800293989');
INSERT INTO "task_3_3_emdat" VALUES(33,2.8130035400390625e+00,'3.94355427698435','3.95887648713044');
INSERT INTO "task_3_3_emdat" VALUES(34,1.82209014892578125e+00,'3.94140269064758','3.95666220076961');
INSERT INTO "task_3_3_emdat" VALUES(35,4.05406697591145803727e+00,'3.94208412785684','3.95726408403516');
INSERT INTO "task_3_3_emdat" VALUES(36,4.30231207388418734893e+00,'3.96068098166704','3.97544222203696');
INSERT INTO "task_3_3_emdat" VALUES(37,4.06726928104628,'3.97412695761213','3.98723294134854');
INSERT INTO "task_3_3_emdat" VALUES(38,3.4091654131489415036e+00,'3.94630518179265','3.95828287127715');
INSERT INTO "task_3_3_emdat" VALUES(39,3.27181498209635401863e+00,'3.93993706031637','3.95169277954101');
INSERT INTO "task_3_3_emdat" VALUES(40,3.82686907179812152435e+00,'3.92864627676037','3.93903990909403');
INSERT INTO "task_3_3_emdat" VALUES(41,4.38758550183526363497e+00,'3.97138628166458','3.9813830802838');
INSERT INTO "task_3_3_emdat" VALUES(42,3.17344261618221512577e+00,'3.96276808451516','3.97253891551257');
INSERT INTO "task_3_3_emdat" VALUES(43,-1,'3.96276808451516','3.97253891551257');
INSERT INTO "task_3_3_emdat" VALUES(44,-1,'3.96276808451516','3.97253891551257');
INSERT INTO "task_3_3_emdat" VALUES(45,3.37227213060533692612e+00,'3.91201698046251','3.9203111176488');
INSERT INTO "task_3_3_emdat" VALUES(46,2.93777914070111112465e+00,'3.72208842544591','3.72686643663502');
INSERT INTO "task_3_3_emdat" VALUES(47,-1,'3.72208842544591','3.72686643663502');
INSERT INTO "task_3_3_emdat" VALUES(48,1.2590789794921875e+00,'3.68697355777203','3.72570183660805');
INSERT INTO "task_3_3_emdat" VALUES(49,3.34225183852175433685e+00,'3.51106429168351','3.66791538399064');
INSERT INTO "task_3_3_emdat" VALUES(50,3.84760211762927806233e+00,'3.555069860456','3.6938050677396');
INSERT INTO "task_3_3_emdat" VALUES(51,3.09930744455821471916e+00,'3.53681757004049','3.66767758938397');
INSERT INTO "task_3_3_emdat" VALUES(52,3.04904688184506422743e+00,'3.49411934508528','3.60875163771632');
INSERT INTO "task_3_3_emdat" VALUES(53,3.43890699449476322513e+00,'3.4891336602391','3.59219474159081');
INSERT INTO "task_3_3_emdat" VALUES(54,3.99771526247956,'3.49975741972239','3.60132426117103');
INSERT INTO "task_3_3_emdat" VALUES(55,3.21623406043419457489e+00,'3.498864973313','3.60001818952752');
INSERT INTO "task_3_3_emdat" VALUES(56,3.21258712301448889903e+00,'3.48589445582375','3.5811707114842');
INSERT INTO "task_3_3_emdat" VALUES(57,2.43647003173828125e+00,'3.48492501062829','3.58003537731138');
INSERT INTO "task_3_3_emdat" VALUES(58,-1,'3.48492501062829','3.58003537731138');
INSERT INTO "task_3_3_emdat" VALUES(59,-1,'3.48492501062829','3.58003537731138');
CREATE TABLE task_4_3_emdat ( `id` INTEGER, `interval_value` INTEGER, `task_value` TEXT, `runtime_value` TEXT, PRIMARY KEY(`id`) );
INSERT INTO "task_4_3_emdat" VALUES(2,-1,'-1','-1');
INSERT INTO "task_4_3_emdat" VALUES(3,-1,'-1','-1');
INSERT INTO "task_4_3_emdat" VALUES(4,-1,'-1','-1');
INSERT INTO "task_4_3_emdat" VALUES(5,-1,'-1','-1');
INSERT INTO "task_4_3_emdat" VALUES(6,-1,'-1','-1');
INSERT INTO "task_4_3_emdat" VALUES(7,-1,'-1','-1');
INSERT INTO "task_4_3_emdat" VALUES(8,-1,'-1','-1');
INSERT INTO "task_4_3_emdat" VALUES(9,-1,'-1','-1');
INSERT INTO "task_4_3_emdat" VALUES(10,-1,'-1','-1');
INSERT INTO "task_4_3_emdat" VALUES(11,-1,'-1','-1');
INSERT INTO "task_4_3_emdat" VALUES(12,-1,'-1','-1');
INSERT INTO "task_4_3_emdat" VALUES(13,-1,'-1','-1');
INSERT INTO "task_4_3_emdat" VALUES(14,-1,'-1','-1');
INSERT INTO "task_4_3_emdat" VALUES(15,-1,'-1','-1');
INSERT INTO "task_4_3_emdat" VALUES(16,-1,'-1','-1');
INSERT INTO "task_4_3_emdat" VALUES(17,-1,'-1','-1');
INSERT INTO "task_4_3_emdat" VALUES(18,-1,'-1','-1');
INSERT INTO "task_4_3_emdat" VALUES(19,-1,'-1','-1');
INSERT INTO "task_4_3_emdat" VALUES(20,-1,'-1','-1');
INSERT INTO "task_4_3_emdat" VALUES(21,-1,'-1','-1');
INSERT INTO "task_4_3_emdat" VALUES(22,560.840475602817,'560.840475602817','560.840475602817');
INSERT INTO "task_4_3_emdat" VALUES(23,5.64537161111978402772e+02,'563.058486908314','563.058486908314');
INSERT INTO "task_4_3_emdat" VALUES(24,-1,'563.058486908314','563.058486908314');
INSERT INTO "task_4_3_emdat" VALUES(25,-1,'563.058486908314','563.058486908314');
INSERT INTO "task_4_3_emdat" VALUES(26,-1,'563.058486908314','563.058486908314');
INSERT INTO "task_4_3_emdat" VALUES(27,5.5944694472411233832e+02,'562.026617712828','562.026617712828');
INSERT INTO "task_4_3_emdat" VALUES(28,-1,'562.026617712828','562.026617712828');
INSERT INTO "task_4_3_emdat" VALUES(29,-1,'562.026617712828','562.026617712828');
INSERT INTO "task_4_3_emdat" VALUES(30,-1,'562.026617712828','562.026617712828');
INSERT INTO "task_4_3_emdat" VALUES(31,-1,'562.026617712828','562.026617712828');
INSERT INTO "task_4_3_emdat" VALUES(32,-1,'562.026617712828','562.026617712828');
INSERT INTO "task_4_3_emdat" VALUES(33,-1,'562.026617712828','562.026617712828');
INSERT INTO "task_4_3_emdat" VALUES(34,-1,'562.026617712828','562.026617712828');
INSERT INTO "task_4_3_emdat" VALUES(35,-1,'562.026617712828','562.026617712828');
INSERT INTO "task_4_3_emdat" VALUES(36,-1,'562.026617712828','562.026617712828');
INSERT INTO "task_4_3_emdat" VALUES(37,-1,'562.026617712828','562.026617712828');
INSERT INTO "task_4_3_emdat" VALUES(38,6.76036974669070556132e+02,'576.277912332358','576.277912332358');
INSERT INTO "task_4_3_emdat" VALUES(39,-1,'576.277912332358','576.277912332358');
INSERT INTO "task_4_3_emdat" VALUES(40,-1,'576.277912332358','576.277912332358');
INSERT INTO "task_4_3_emdat" VALUES(41,-1,'576.277912332358','576.277912332358');
INSERT INTO "task_4_3_emdat" VALUES(42,-1,'576.277912332358','576.277912332358');
INSERT INTO "task_4_3_emdat" VALUES(43,-1,'576.277912332358','576.277912332358');
INSERT INTO "task_4_3_emdat" VALUES(44,-1,'576.277912332358','576.277912332358');
INSERT INTO "task_4_3_emdat" VALUES(45,-1,'576.277912332358','576.277912332358');
INSERT INTO "task_4_3_emdat" VALUES(46,-1,'576.277912332358','576.277912332358');
INSERT INTO "task_4_3_emdat" VALUES(47,-1,'576.277912332358','576.277912332358');
INSERT INTO "task_4_3_emdat" VALUES(48,-1,'576.277912332358','576.277912332358');
INSERT INTO "task_4_3_emdat" VALUES(49,-1,'629.113243874591','576.277912332358');
INSERT INTO "task_4_3_emdat" VALUES(50,-1,'629.113243874591','576.277912332358');
INSERT INTO "task_4_3_emdat" VALUES(51,-1,'629.113243874591','576.277912332358');
INSERT INTO "task_4_3_emdat" VALUES(52,-1,'629.113243874591','576.277912332358');
INSERT INTO "task_4_3_emdat" VALUES(53,-1,'629.113243874591','576.277912332358');
INSERT INTO "task_4_3_emdat" VALUES(54,-1,'629.113243874591','576.277912332358');
INSERT INTO "task_4_3_emdat" VALUES(55,-1,'629.113243874591','576.277912332358');
INSERT INTO "task_4_3_emdat" VALUES(56,-1,'629.113243874591','576.277912332358');
INSERT INTO "task_4_3_emdat" VALUES(57,-1,'629.113243874591','576.277912332358');
INSERT INTO "task_4_3_emdat" VALUES(58,-1,'629.113243874591','576.277912332358');
INSERT INTO "task_4_3_emdat" VALUES(59,-1,'629.113243874591','576.277912332358');
CREATE TABLE task_5_3_emdat ( `id` INTEGER, `interval_value` INTEGER, `task_value` TEXT, `runtime_value` TEXT, PRIMARY KEY(`id`) );
INSERT INTO "task_5_3_emdat" VALUES(2,-1,'-1','-1');
INSERT INTO "task_5_3_emdat" VALUES(3,-1,'-1','-1');
INSERT INTO "task_5_3_emdat" VALUES(4,-1,'-1','-1');
INSERT INTO "task_5_3_emdat" VALUES(5,-1,'-1','-1');
INSERT INTO "task_5_3_emdat" VALUES(6,-1,'-1','-1');
INSERT INTO "task_5_3_emdat" VALUES(7,-1,'-1','-1');
INSERT INTO "task_5_3_emdat" VALUES(8,-1,'-1','-1');
INSERT INTO "task_5_3_emdat" VALUES(9,-1,'-1','-1');
INSERT INTO "task_5_3_emdat" VALUES(10,-1,'-1','-1');
INSERT INTO "task_5_3_emdat" VALUES(11,-1,'-1','-1');
INSERT INTO "task_5_3_emdat" VALUES(12,-1,'-1','-1');
INSERT INTO "task_5_3_emdat" VALUES(13,-1,'-1','-1');
INSERT INTO "task_5_3_emdat" VALUES(14,-1,'-1','-1');
INSERT INTO "task_5_3_emdat" VALUES(15,-1,'-1','-1');
INSERT INTO "task_5_3_emdat" VALUES(16,-1,'-1','-1');
INSERT INTO "task_5_3_emdat" VALUES(17,-1,'-1','-1');
INSERT INTO "task_5_3_emdat" VALUES(18,-1,'-1','-1');
INSERT INTO "task_5_3_emdat" VALUES(19,-1,'-1','-1');
INSERT INTO "task_5_3_emdat" VALUES(20,-1,'-1','-1');
INSERT INTO "task_5_3_emdat" VALUES(21,-1,'-1','-1');
INSERT INTO "task_5_3_emdat" VALUES(22,-1,'-1','-1');
INSERT INTO "task_5_3_emdat" VALUES(23,-1,'-1','-1');
INSERT INTO "task_5_3_emdat" VALUES(24,-1,'-1','-1');
INSERT INTO "task_5_3_emdat" VALUES(25,-1,'-1','-1');
INSERT INTO "task_5_3_emdat" VALUES(26,-1,'-1','-1');
INSERT INTO "task_5_3_emdat" VALUES(27,-1,'-1','-1');
INSERT INTO "task_5_3_emdat" VALUES(28,-1,'-1','-1');
INSERT INTO "task_5_3_emdat" VALUES(29,-1,'-1','-1');
INSERT INTO "task_5_3_emdat" VALUES(30,-1,'-1','-1');
INSERT INTO "task_5_3_emdat" VALUES(31,-1,'-1','-1');
INSERT INTO "task_5_3_emdat" VALUES(32,-1,'-1','-1');
INSERT INTO "task_5_3_emdat" VALUES(33,-1,'-1','-1');
INSERT INTO "task_5_3_emdat" VALUES(34,-1,'-1','-1');
INSERT INTO "task_5_3_emdat" VALUES(35,-1,'-1','-1');
INSERT INTO "task_5_3_emdat" VALUES(36,-1,'-1','-1');
INSERT INTO "task_5_3_emdat" VALUES(37,-1,'-1','-1');
INSERT INTO "task_5_3_emdat" VALUES(38,-1,'-1','-1');
INSERT INTO "task_5_3_emdat" VALUES(39,-1,'-1','-1');
INSERT INTO "task_5_3_emdat" VALUES(40,-1,'-1','-1');
INSERT INTO "task_5_3_emdat" VALUES(41,-1,'-1','-1');
INSERT INTO "task_5_3_emdat" VALUES(42,-1,'-1','-1');
INSERT INTO "task_5_3_emdat" VALUES(43,-1,'-1','-1');
INSERT INTO "task_5_3_emdat" VALUES(44,-1,'-1','-1');
INSERT INTO "task_5_3_emdat" VALUES(45,-1,'-1','-1');
INSERT INTO "task_5_3_emdat" VALUES(46,-1,'-1','-1');
INSERT INTO "task_5_3_emdat" VALUES(47,-1,'-1','-1');
INSERT INTO "task_5_3_emdat" VALUES(48,-1,'-1','-1');
INSERT INTO "task_5_3_emdat" VALUES(49,-1,'-1','-1');
INSERT INTO "task_5_3_emdat" VALUES(50,-1,'-1','-1');
INSERT INTO "task_5_3_emdat" VALUES(51,-1,'-1','-1');
INSERT INTO "task_5_3_emdat" VALUES(52,-1,'-1','-1');
INSERT INTO "task_5_3_emdat" VALUES(53,-1,'-1','-1');
INSERT INTO "task_5_3_emdat" VALUES(54,-1,'-1','-1');
INSERT INTO "task_5_3_emdat" VALUES(55,-1,'-1','-1');
INSERT INTO "task_5_3_emdat" VALUES(56,-1,'-1','-1');
INSERT INTO "task_5_3_emdat" VALUES(57,-1,'-1','-1');
INSERT INTO "task_5_3_emdat" VALUES(58,-1,'-1','-1');
INSERT INTO "task_5_3_emdat" VALUES(59,-1,'-1','-1');
CREATE TABLE `task_state` (
        `property`      TEXT NOT NULL,
        `value` INTEGER,
        PRIMARY KEY(`property`)
);
CREATE TABLE "user_state" (
	`event_name`	TEXT NOT NULL,
	`type`	TEXT,
	`aoi`	TEXT,
	`feature`	TEXT,
	PRIMARY KEY(`event_name`)
);
INSERT INTO "user_state" VALUES('text_fix','fix','text','');
INSERT INTO "user_state" VALUES('pupil','emdat','vis','meanpupilsize');
INSERT INTO "user_state" VALUES('reading_proficiency','ml','',NULL);
INSERT INTO "user_state" VALUES('bad_type','same','text',NULL);
INSERT INTO "user_state" VALUES('vis_fix','fix','vis',NULL);
INSERT INTO "user_state" VALUES('text_1_emdat','emdat','text_1','meanpupilsize');
INSERT INTO "user_state" VALUES('text_2_emdat','emdat','text_2','meanpupilvelocity');
INSERT INTO "user_state" VALUES('task_1_fixrate','emdat','text','fixationrate');
INSERT INTO "user_state" VALUES('task_1_3_emdat','emdat','t3_aoi1','fixationrate');
INSERT INTO "user_state" VALUES('task_2_3_emdat','emdat','t3_aoi2','meanpupilvelocity');
INSERT INTO "user_state" VALUES('task_3_3_emdat','emdat','t3_aoi3','meanpupilsize');
INSERT INTO "user_state" VALUES('task_4_3_emdat','emdat','t3_aoi4','meandistance');
INSERT INTO "user_state" VALUES('task_5_3_emdat','emdat','t3_aoi5','stddevdistance');
INSERT INTO "user_state" VALUES('task_1_4_emdat','emdat','t4_aoi1','meanpupilvelocity');
INSERT INTO "user_state" VALUES('task_2_4_emdat','emdat','t4_aoi2','meanpupilsize');
INSERT INTO "user_state" VALUES('task_3_4_emdat','emdat','t4_aoi3','meandistance');
INSERT INTO "user_state" VALUES('task_4_4_emdat','emdat','t4_aoi4','stddevdistance');
INSERT INTO "user_state" VALUES('task_5_4_emdat','emdat','t4_aoi5','fixationrate');
INSERT INTO "user_state" VALUES('task_6_4_emdat','emdat','t4_aoi6','meanfixationduration');
INSERT INTO "user_state" VALUES('task_7_4_emdat','emdat','t4_aoi7','stddevfixationduration');
CREATE TABLE "user_state_task" (
        `event_name`    TEXT,
        `task`  INTEGER,
        PRIMARY KEY(`event_name`,`task`)
);
INSERT INTO "user_state_task" VALUES('text_fix',1);
INSERT INTO "user_state_task" VALUES('pupil',2);
INSERT INTO "user_state_task" VALUES('pupil',1);
INSERT INTO "user_state_task" VALUES('reading_proficiency',1);
INSERT INTO "user_state_task" VALUES('reading_proficiency',2);
INSERT INTO "user_state_task" VALUES('vis_fix',1);
INSERT INTO "user_state_task" VALUES('task_1_3_emdat',3);
INSERT INTO "user_state_task" VALUES('task_1_fixrate',1);
INSERT INTO "user_state_task" VALUES('task_2_3_emdat',3);
INSERT INTO "user_state_task" VALUES('task_3_3_emdat',3);
INSERT INTO "user_state_task" VALUES('task_4_3_emdat',3);
INSERT INTO "user_state_task" VALUES('task_5_3_emdat',3);
INSERT INTO "user_state_task" VALUES('task_1_4_emdat',4);
INSERT INTO "user_state_task" VALUES('task_2_4_emdat',4);
INSERT INTO "user_state_task" VALUES('task_3_4_emdat',4);
INSERT INTO "user_state_task" VALUES('task_4_4_emdat',4);
INSERT INTO "user_state_task" VALUES('task_5_4_emdat',4);
INSERT INTO "user_state_task" VALUES('task_6_4_emdat',4);
INSERT INTO "user_state_task" VALUES('task_7_4_emdat',4);
COMMIT;
