BEGIN TRANSACTION;
CREATE TABLE "aoi" (
        `name`  TEXT NOT NULL,
        `task`  INTEGER NOT NULL,
        `dynamic`       INTEGER,
        `polygon`       BLOB,
        PRIMARY KEY(`name`,`task`)
);
INSERT INTO "aoi" VALUES('text',1,1,'[(0,0),(300,0),(300,300),(0,300)]');
INSERT INTO "aoi" VALUES('vis',1,1,'[(1000,800),(1280,800),(1280,1080),(1000,1080)]
');
INSERT INTO "aoi" VALUES('text',2,1,'[(0,0),(200,0),(0,200),(200,200)]
');
INSERT INTO "aoi" VALUES('text_2',4,NULL,'[(0,0),(200,0),(0,200),(200,200)]');
INSERT INTO "aoi" VALUES('vis',2,1,'[(1000,800),(1280,800),(1280,1080),(1000,1080)]');
INSERT INTO "aoi" VALUES('t3_aoi1',3,1,'[(0,0),(200,0),(0,200),(200,200)]');
INSERT INTO "aoi" VALUES('t3_aoi2',3,1,'[(1000,800),(1280,800),(1280,1080),(1000,1080)]');
INSERT INTO "aoi" VALUES('t3_aoi3',3,1,'[(300,300),(300,500),(500,300),(500,500)]');
INSERT INTO "aoi" VALUES('t3_aoi4',3,1,'[(800,300),(800,500),(1000,300),(1000,500)]');
INSERT INTO "aoi" VALUES('t3_aoi5',3,1,'[(1100, 0),(1100,150),(1280,0),(1280,150)]');
CREATE TABLE "aoi_state" (
        `aoi`   TEXT,
        `task`  INTEGER,
        `active`        INTEGER,
        PRIMARY KEY(`aoi`)
);
CREATE TABLE intervention_state ( `intervention` TEXT, `active` INTEGER, time_stamp INTEGER, occurences INTEGER, PRIMARY KEY(`intervention`));
CREATE TABLE rule_state ( `rule` TEXT, time_stamp INTEGER, occurences INTEGER, PRIMARY KEY(`rule`));
CREATE TABLE task_1_3_emdat ( `id` INTEGER, `interval_value` INTEGER, `task_value` TEXT, `runtime_value` TEXT, PRIMARY KEY(`id`) );
INSERT INTO "task_1_3_emdat" VALUES(2,0,'0','0');
INSERT INTO "task_1_3_emdat" VALUES(3,0,'0','0');
INSERT INTO "task_1_3_emdat" VALUES(4,0,'0','0');
INSERT INTO "task_1_3_emdat" VALUES(5,0,'0','0');
INSERT INTO "task_1_3_emdat" VALUES(6,0,'0','0');
INSERT INTO "task_1_3_emdat" VALUES(7,0,'0','0');
INSERT INTO "task_1_3_emdat" VALUES(8,0,'0','0');
INSERT INTO "task_1_3_emdat" VALUES(9,0,'0','0');
INSERT INTO "task_1_3_emdat" VALUES(10,0,'0','0');
INSERT INTO "task_1_3_emdat" VALUES(11,0,'0','0');
INSERT INTO "task_1_3_emdat" VALUES(12,0,'0','0');
INSERT INTO "task_1_3_emdat" VALUES(13,0,'0','0');
INSERT INTO "task_1_3_emdat" VALUES(14,0,'0','0');
INSERT INTO "task_1_3_emdat" VALUES(15,0,'0','0');
INSERT INTO "task_1_3_emdat" VALUES(16,0,'0','0');
INSERT INTO "task_1_3_emdat" VALUES(17,8.58435415611506513755e-06,'8.58435415611507e-06','8.58435415611507e-06');
INSERT INTO "task_1_3_emdat" VALUES(18,9.22049901340660404969e-06,'8.58435415611507e-06','8.58435415611507e-06');
INSERT INTO "task_1_3_emdat" VALUES(19,0,'8.58435415611507e-06','8.58435415611507e-06');
INSERT INTO "task_1_3_emdat" VALUES(20,0,'8.58435415611507e-06','8.58435415611507e-06');
INSERT INTO "task_1_3_emdat" VALUES(21,0,'8.58435415611507e-06','8.58435415611507e-06');
INSERT INTO "task_1_3_emdat" VALUES(22,0,'8.58435415611507e-06','8.58435415611507e-06');
INSERT INTO "task_1_3_emdat" VALUES(23,0,'8.58435415611507e-06','8.58435415611507e-06');
INSERT INTO "task_1_3_emdat" VALUES(24,0,'8.58435415611507e-06','8.58435415611507e-06');
INSERT INTO "task_1_3_emdat" VALUES(25,0,'8.58435415611507e-06','8.58435415611507e-06');
INSERT INTO "task_1_3_emdat" VALUES(26,0,'8.58435415611507e-06','8.58435415611507e-06');
INSERT INTO "task_1_3_emdat" VALUES(27,0,'8.58435415611507e-06','8.58435415611507e-06');
INSERT INTO "task_1_3_emdat" VALUES(28,0,'8.58435415611507e-06','8.58435415611507e-06');
INSERT INTO "task_1_3_emdat" VALUES(29,0,'8.58435415611507e-06','8.58435415611507e-06');
INSERT INTO "task_1_3_emdat" VALUES(30,0,'8.58435415611507e-06','8.58435415611507e-06');
INSERT INTO "task_1_3_emdat" VALUES(31,0,'8.58435415611507e-06','8.58435415611507e-06');
INSERT INTO "task_1_3_emdat" VALUES(32,0,'8.58435415611507e-06','8.58435415611507e-06');
INSERT INTO "task_1_3_emdat" VALUES(33,0,'8.58435415611507e-06','8.58435415611507e-06');
INSERT INTO "task_1_3_emdat" VALUES(34,0,'8.58435415611507e-06','8.58435415611507e-06');
INSERT INTO "task_1_3_emdat" VALUES(35,0,'8.58435415611507e-06','8.58435415611507e-06');
INSERT INTO "task_1_3_emdat" VALUES(36,7.75353076407169e-06,'8.01200732831604e-06','8.01200732831604e-06');
INSERT INTO "task_1_3_emdat" VALUES(37,0,'8.01200732831604e-06','8.01200732831604e-06');
INSERT INTO "task_1_3_emdat" VALUES(38,0,'8.01200732831604e-06','8.01200732831604e-06');
INSERT INTO "task_1_3_emdat" VALUES(39,0,'8.01200732831604e-06','8.01200732831604e-06');
INSERT INTO "task_1_3_emdat" VALUES(40,0,'8.01200732831604e-06','8.01200732831604e-06');
INSERT INTO "task_1_3_emdat" VALUES(41,0,'8.01200732831604e-06','8.01200732831604e-06');
INSERT INTO "task_1_3_emdat" VALUES(42,0,'8.01200732831604e-06','8.01200732831604e-06');
INSERT INTO "task_1_3_emdat" VALUES(43,0,'8.01200732831604e-06','8.01200732831604e-06');
INSERT INTO "task_1_3_emdat" VALUES(44,0,'8.01200732831604e-06','8.01200732831604e-06');
INSERT INTO "task_1_3_emdat" VALUES(45,0,'8.01200732831604e-06','8.01200732831604e-06');
INSERT INTO "task_1_3_emdat" VALUES(46,0,'8.01200732831604e-06','8.01200732831604e-06');
INSERT INTO "task_1_3_emdat" VALUES(47,0,'8.01200732831604e-06','8.01200732831604e-06');
INSERT INTO "task_1_3_emdat" VALUES(48,0,'8.01200732831604e-06','8.01200732831604e-06');
INSERT INTO "task_1_3_emdat" VALUES(49,0,'8.01200732831604e-06','8.01200732831604e-06');
INSERT INTO "task_1_3_emdat" VALUES(50,0,'8.01200732831604e-06','8.01200732831604e-06');
INSERT INTO "task_1_3_emdat" VALUES(51,0,'8.01200732831604e-06','8.01200732831604e-06');
INSERT INTO "task_1_3_emdat" VALUES(52,0,'8.01200732831604e-06','8.01200732831604e-06');
INSERT INTO "task_1_3_emdat" VALUES(53,0,'8.01200732831604e-06','8.01200732831604e-06');
INSERT INTO "task_1_3_emdat" VALUES(54,0,'8.01200732831604e-06','8.01200732831604e-06');
INSERT INTO "task_1_3_emdat" VALUES(55,3.24714332565925145601e-06,'8.01200732831604e-06','8.01200732831604e-06');
CREATE TABLE task_2_3_emdat ( `id` INTEGER, `interval_value` INTEGER, `task_value` TEXT, `runtime_value` TEXT, PRIMARY KEY(`id`) );
INSERT INTO "task_2_3_emdat" VALUES(2,3.62040611043752669218e-05,'3.62040611043753e-05','3.62040611043753e-05');
INSERT INTO "task_2_3_emdat" VALUES(3,3.09315511011475807734e-05,'3.41909209213247e-05','3.41909209213247e-05');
INSERT INTO "task_2_3_emdat" VALUES(4,1.61891594848671e-05,'2.61901380606769e-05','2.61901380606769e-05');
INSERT INTO "task_2_3_emdat" VALUES(5,-1,'2.61901380606769e-05','2.61901380606769e-05');
INSERT INTO "task_2_3_emdat" VALUES(6,-1,'2.61901380606769e-05','2.61901380606769e-05');
INSERT INTO "task_2_3_emdat" VALUES(7,1.66587491148114219541e-05,'2.32115790150939e-05','2.32115790150939e-05');
INSERT INTO "task_2_3_emdat" VALUES(8,-1,'2.32115790150939e-05','2.32115790150939e-05');
INSERT INTO "task_2_3_emdat" VALUES(9,-1,'2.32115790150939e-05','2.32115790150939e-05');
INSERT INTO "task_2_3_emdat" VALUES(10,4.71192809225796960248e-06,'1.97624915549042e-05','1.97624915549042e-05');
INSERT INTO "task_2_3_emdat" VALUES(11,-1,'1.97624915549042e-05','1.97624915549042e-05');
INSERT INTO "task_2_3_emdat" VALUES(12,-1,'1.97624915549042e-05','1.97624915549042e-05');
INSERT INTO "task_2_3_emdat" VALUES(13,-1,'1.97624915549042e-05','1.97624915549042e-05');
INSERT INTO "task_2_3_emdat" VALUES(14,-1,'1.97624915549042e-05','1.97624915549042e-05');
INSERT INTO "task_2_3_emdat" VALUES(15,7.15807675042153412903e-06,'1.66113878537835e-05','1.66113878537835e-05');
INSERT INTO "task_2_3_emdat" VALUES(16,2.69092250640603536382e-06,'1.33919968451066e-05','1.33919968451066e-05');
INSERT INTO "task_2_3_emdat" VALUES(17,4.03316068051376763747e-06,'9.02129037240615e-06','9.02129037240615e-06');
INSERT INTO "task_2_3_emdat" VALUES(18,-1,'9.02129037240615e-06','9.02129037240615e-06');
INSERT INTO "task_2_3_emdat" VALUES(19,-1,'9.02129037240615e-06','9.02129037240615e-06');
INSERT INTO "task_2_3_emdat" VALUES(20,-1,'9.02129037240615e-06','9.02129037240615e-06');
INSERT INTO "task_2_3_emdat" VALUES(21,-1,'9.02129037240615e-06','9.02129037240615e-06');
INSERT INTO "task_2_3_emdat" VALUES(22,-1,'9.02129037240615e-06','9.02129037240615e-06');
INSERT INTO "task_2_3_emdat" VALUES(23,-1,'9.02129037240615e-06','9.02129037240615e-06');
INSERT INTO "task_2_3_emdat" VALUES(24,-1,'9.02129037240615e-06','9.02129037240615e-06');
INSERT INTO "task_2_3_emdat" VALUES(25,6.40453691251247e-05,'1.3657659488295e-05','1.3657659488295e-05');
INSERT INTO "task_2_3_emdat" VALUES(26,-1,'1.3657659488295e-05','1.3657659488295e-05');
INSERT INTO "task_2_3_emdat" VALUES(27,2.50848975583035604941e-05,'1.44206056502392e-05','1.44206056502392e-05');
INSERT INTO "task_2_3_emdat" VALUES(28,4.62946093158935756406e-05,'1.54281172603604e-05','1.54281172603604e-05');
INSERT INTO "task_2_3_emdat" VALUES(29,-1,'1.54281172603604e-05','1.54281172603604e-05');
INSERT INTO "task_2_3_emdat" VALUES(30,-1,'1.54281172603604e-05','1.54281172603604e-05');
INSERT INTO "task_2_3_emdat" VALUES(31,2.13540011957606301606e-05,'1.62746721082748e-05','1.62746721082748e-05');
INSERT INTO "task_2_3_emdat" VALUES(32,-1,'1.62746721082748e-05','1.62746721082748e-05');
INSERT INTO "task_2_3_emdat" VALUES(33,3.42274084074282214373e-05,'1.89788499608669e-05','1.89788499608669e-05');
INSERT INTO "task_2_3_emdat" VALUES(34,1.03442190812343515204e-05,'1.87246324019742e-05','1.87246324019742e-05');
INSERT INTO "task_2_3_emdat" VALUES(35,-1,'1.87246324019742e-05','1.87246324019742e-05');
INSERT INTO "task_2_3_emdat" VALUES(36,-1,'1.87246324019742e-05','1.87246324019742e-05');
INSERT INTO "task_2_3_emdat" VALUES(37,7.66379735290264108016e-06,'1.8668769598696e-05','1.8668769598696e-05');
INSERT INTO "task_2_3_emdat" VALUES(38,3.44069714575345741991e-05,'2.09170841499587e-05','2.09170841499587e-05');
INSERT INTO "task_2_3_emdat" VALUES(39,2.42951754329584668212e-05,'2.11537137325843e-05','2.11537137325843e-05');
INSERT INTO "task_2_3_emdat" VALUES(40,3.06221544989209570886e-05,'2.13037682613693e-05','2.13037682613693e-05');
INSERT INTO "task_2_3_emdat" VALUES(41,-1,'2.13037682613693e-05','2.13037682613693e-05');
INSERT INTO "task_2_3_emdat" VALUES(42,4.62109624170688704225e-05,'2.23076323604203e-05','2.23076323604203e-05');
INSERT INTO "task_2_3_emdat" VALUES(43,3.75699117494042411635e-05,'2.24228193746768e-05','2.24228193746768e-05');
INSERT INTO "task_2_3_emdat" VALUES(44,-1,'2.24228193746768e-05','2.24228193746768e-05');
INSERT INTO "task_2_3_emdat" VALUES(45,-1,'2.24228193746768e-05','2.24228193746768e-05');
INSERT INTO "task_2_3_emdat" VALUES(46,-1,'2.24228193746768e-05','2.24228193746768e-05');
INSERT INTO "task_2_3_emdat" VALUES(47,4.80689745472143670212e-05,'2.25767347845645e-05','2.25767347845645e-05');
INSERT INTO "task_2_3_emdat" VALUES(48,2.94637727704900242997e-05,'2.26483149863484e-05','2.26483149863484e-05');
INSERT INTO "task_2_3_emdat" VALUES(49,2.76747809938677e-05,'2.27967912877233e-05','2.27967912877233e-05');
INSERT INTO "task_2_3_emdat" VALUES(50,-1,'2.27967912877233e-05','2.27967912877233e-05');
INSERT INTO "task_2_3_emdat" VALUES(51,-1,'2.27967912877233e-05','2.27967912877233e-05');
INSERT INTO "task_2_3_emdat" VALUES(52,-1,'2.27967912877233e-05','2.27967912877233e-05');
INSERT INTO "task_2_3_emdat" VALUES(53,-1,'2.27967912877233e-05','2.27967912877233e-05');
INSERT INTO "task_2_3_emdat" VALUES(54,-1,'2.27967912877233e-05','2.27967912877233e-05');
INSERT INTO "task_2_3_emdat" VALUES(55,4.80982524513443809865e-05,'2.29056928422295e-05','2.29056928422295e-05');
CREATE TABLE task_3_3_emdat ( `id` INTEGER, `interval_value` INTEGER, `task_value` TEXT, `runtime_value` TEXT, PRIMARY KEY(`id`) );
INSERT INTO "task_3_3_emdat" VALUES(2,3.691741943359375e+00,'3.69174194335937','3.69174194335937');
INSERT INTO "task_3_3_emdat" VALUES(3,2.77652740478515625e+00,'2.92906316121419','2.92906316121419');
INSERT INTO "task_3_3_emdat" VALUES(4,-1,'2.92906316121419','2.92906316121419');
INSERT INTO "task_3_3_emdat" VALUES(5,-1,'2.92906316121419','2.92906316121419');
INSERT INTO "task_3_3_emdat" VALUES(6,3.80736796061197892981e+00,'3.739806052966','3.739806052966');
INSERT INTO "task_3_3_emdat" VALUES(7,-1,'3.739806052966','3.739806052966');
INSERT INTO "task_3_3_emdat" VALUES(8,-1,'3.739806052966','3.739806052966');
INSERT INTO "task_3_3_emdat" VALUES(9,-1,'3.739806052966','3.739806052966');
INSERT INTO "task_3_3_emdat" VALUES(10,4.1279449462890625e+00,'3.74950952529907','3.74950952529907');
INSERT INTO "task_3_3_emdat" VALUES(11,-1,'3.74950952529907','3.74950952529907');
INSERT INTO "task_3_3_emdat" VALUES(12,4.01242911598899176794e+00,'3.85662491409867','3.85662491409867');
INSERT INTO "task_3_3_emdat" VALUES(13,3.79231391319861765865e+00,'3.83572383880615','3.83572383880615');
INSERT INTO "task_3_3_emdat" VALUES(14,3.80684304237365722656e+00,'3.83174028067753','3.83174028067753');
INSERT INTO "task_3_3_emdat" VALUES(15,-1,'3.83174028067753','3.83174028067753');
INSERT INTO "task_3_3_emdat" VALUES(16,4.184417724609375e+00,'3.83771786447299','3.83771786447299');
INSERT INTO "task_3_3_emdat" VALUES(17,-1,'3.83771786447299','3.83771786447299');
INSERT INTO "task_3_3_emdat" VALUES(18,3.55684765902432520334e+00,'3.81376769191535','3.81376769191535');
INSERT INTO "task_3_3_emdat" VALUES(19,-1,'3.81376769191535','3.81376769191535');
INSERT INTO "task_3_3_emdat" VALUES(20,-1,'3.81376769191535','3.81376769191535');
INSERT INTO "task_3_3_emdat" VALUES(21,-1,'3.81376769191535','3.81376769191535');
INSERT INTO "task_3_3_emdat" VALUES(22,-1,'3.81376769191535','3.81376769191535');
INSERT INTO "task_3_3_emdat" VALUES(23,-1,'3.81376769191535','3.81376769191535');
INSERT INTO "task_3_3_emdat" VALUES(24,-1,'3.81376769191535','3.81376769191535');
INSERT INTO "task_3_3_emdat" VALUES(25,-1,'3.81376769191535','3.81376769191535');
INSERT INTO "task_3_3_emdat" VALUES(26,-1,'3.81376769191535','3.81376769191535');
INSERT INTO "task_3_3_emdat" VALUES(27,-1,'3.81376769191535','3.81376769191535');
INSERT INTO "task_3_3_emdat" VALUES(28,3.868183135986328125e+00,'3.81418627225436','3.81418627225436');
INSERT INTO "task_3_3_emdat" VALUES(29,2.29797108968098973136e+00,'3.79689104203489','3.79689104203489');
INSERT INTO "task_3_3_emdat" VALUES(30,-1,'3.79689104203489','3.79689104203489');
INSERT INTO "task_3_3_emdat" VALUES(31,-1,'3.79689104203489','3.79689104203489');
INSERT INTO "task_3_3_emdat" VALUES(32,-1,'3.79689104203489','3.79689104203489');
INSERT INTO "task_3_3_emdat" VALUES(33,-1,'3.79689104203489','3.79689104203489');
INSERT INTO "task_3_3_emdat" VALUES(34,-1,'3.79689104203489','3.79689104203489');
INSERT INTO "task_3_3_emdat" VALUES(35,-1,'3.79689104203489','3.79689104203489');
INSERT INTO "task_3_3_emdat" VALUES(36,3.66326661543412646082e+00,'3.78657617401658','3.78657617401658');
INSERT INTO "task_3_3_emdat" VALUES(37,3.74820709228515625e+00,'3.78644201638815','3.78644201638815');
INSERT INTO "task_3_3_emdat" VALUES(38,-1,'3.78644201638815','3.78644201638815');
INSERT INTO "task_3_3_emdat" VALUES(39,-1,'3.78644201638815','3.78644201638815');
INSERT INTO "task_3_3_emdat" VALUES(40,3.7089385986328125e+00,'3.78185299823159','3.78185299823159');
INSERT INTO "task_3_3_emdat" VALUES(41,3.6177310943603515625e+00,'3.75788013586837','3.75788013586837');
INSERT INTO "task_3_3_emdat" VALUES(42,3.69796244303385401863e+00,'3.75737943091432','3.75737943091432');
INSERT INTO "task_3_3_emdat" VALUES(43,3.65800978497761031249e+00,'3.73202161670226','3.73202161670226');
INSERT INTO "task_3_3_emdat" VALUES(44,3.32883488048206688247e+00,'3.71442219567677','3.71442219567677');
INSERT INTO "task_3_3_emdat" VALUES(45,3.58289819014699828514e+00,'3.69718801564184','3.69718801564184');
INSERT INTO "task_3_3_emdat" VALUES(46,3.62134682920557526841e+00,'3.68007565181309','3.68007565181309');
INSERT INTO "task_3_3_emdat" VALUES(47,3.7343751338490269731e+00,'3.68724846867532','3.68724846867532');
INSERT INTO "task_3_3_emdat" VALUES(48,-1,'3.68724846867532','3.68724846867532');
INSERT INTO "task_3_3_emdat" VALUES(49,3.82122802734375,'3.68740353760896','3.68740353760896');
INSERT INTO "task_3_3_emdat" VALUES(50,1.55637359619140625e+00,'3.68493991917958','3.68493991917958');
INSERT INTO "task_3_3_emdat" VALUES(51,-1,'3.68493991917958','3.68493991917958');
INSERT INTO "task_3_3_emdat" VALUES(52,-1,'3.68493991917958','3.68493991917958');
INSERT INTO "task_3_3_emdat" VALUES(53,-1,'3.68493991917958','3.68493991917958');
INSERT INTO "task_3_3_emdat" VALUES(54,1.08819580078125,'3.68194136938928','3.68194136938928');
INSERT INTO "task_3_3_emdat" VALUES(55,3.48343438617253697842e+00,'3.66927984289221','3.66927984289221');
CREATE TABLE task_4_3_emdat ( `id` INTEGER, `interval_value` INTEGER, `task_value` TEXT, `runtime_value` TEXT, PRIMARY KEY(`id`) );
INSERT INTO "task_4_3_emdat" VALUES(2,-1,'-1','-1');
INSERT INTO "task_4_3_emdat" VALUES(3,-1,'-1','-1');
INSERT INTO "task_4_3_emdat" VALUES(4,6.07992653812501426813e+02,'607.992653812501','607.992653812501');
INSERT INTO "task_4_3_emdat" VALUES(5,-1,'607.992653812501','607.992653812501');
INSERT INTO "task_4_3_emdat" VALUES(6,6.04894823526830105464e+02,'606.443738669666','606.443738669666');
INSERT INTO "task_4_3_emdat" VALUES(7,-1,'606.443738669666','606.443738669666');
INSERT INTO "task_4_3_emdat" VALUES(8,-1,'606.443738669666','606.443738669666');
INSERT INTO "task_4_3_emdat" VALUES(9,-1,'606.443738669666','606.443738669666');
INSERT INTO "task_4_3_emdat" VALUES(10,-1,'606.443738669666','606.443738669666');
INSERT INTO "task_4_3_emdat" VALUES(11,-1,'606.443738669666','606.443738669666');
INSERT INTO "task_4_3_emdat" VALUES(12,-1,'606.443738669666','606.443738669666');
INSERT INTO "task_4_3_emdat" VALUES(13,-1,'606.443738669666','606.443738669666');
INSERT INTO "task_4_3_emdat" VALUES(14,6.01124357204621695416e+02,'603.784047937144','603.784047937144');
INSERT INTO "task_4_3_emdat" VALUES(15,-1,'603.784047937144','603.784047937144');
INSERT INTO "task_4_3_emdat" VALUES(16,-1,'603.784047937144','603.784047937144');
INSERT INTO "task_4_3_emdat" VALUES(17,-1,'603.784047937144','603.784047937144');
INSERT INTO "task_4_3_emdat" VALUES(18,-1,'603.784047937144','603.784047937144');
INSERT INTO "task_4_3_emdat" VALUES(19,-1,'603.784047937144','603.784047937144');
INSERT INTO "task_4_3_emdat" VALUES(20,-1,'603.784047937144','603.784047937144');
INSERT INTO "task_4_3_emdat" VALUES(21,-1,'603.784047937144','603.784047937144');
INSERT INTO "task_4_3_emdat" VALUES(22,-1,'603.784047937144','603.784047937144');
INSERT INTO "task_4_3_emdat" VALUES(23,-1,'603.784047937144','603.784047937144');
INSERT INTO "task_4_3_emdat" VALUES(24,-1,'603.784047937144','603.784047937144');
INSERT INTO "task_4_3_emdat" VALUES(25,-1,'603.784047937144','603.784047937144');
INSERT INTO "task_4_3_emdat" VALUES(26,-1,'603.784047937144','603.784047937144');
INSERT INTO "task_4_3_emdat" VALUES(27,-1,'603.784047937144','603.784047937144');
INSERT INTO "task_4_3_emdat" VALUES(28,-1,'603.784047937144','603.784047937144');
INSERT INTO "task_4_3_emdat" VALUES(29,6.0619249858866215419e+02,'604.265738067447','604.265738067447');
INSERT INTO "task_4_3_emdat" VALUES(30,-1,'604.265738067447','604.265738067447');
INSERT INTO "task_4_3_emdat" VALUES(31,-1,'604.265738067447','604.265738067447');
INSERT INTO "task_4_3_emdat" VALUES(32,-1,'604.265738067447','604.265738067447');
INSERT INTO "task_4_3_emdat" VALUES(33,-1,'604.265738067447','604.265738067447');
INSERT INTO "task_4_3_emdat" VALUES(34,-1,'604.265738067447','604.265738067447');
INSERT INTO "task_4_3_emdat" VALUES(35,-1,'604.265738067447','604.265738067447');
INSERT INTO "task_4_3_emdat" VALUES(36,-1,'604.265738067447','604.265738067447');
INSERT INTO "task_4_3_emdat" VALUES(37,-1,'604.265738067447','604.265738067447');
INSERT INTO "task_4_3_emdat" VALUES(38,-1,'604.265738067447','604.265738067447');
INSERT INTO "task_4_3_emdat" VALUES(39,-1,'604.265738067447','604.265738067447');
INSERT INTO "task_4_3_emdat" VALUES(40,6.18824763339063554923e+02,'606.692242279383','606.692242279383');
INSERT INTO "task_4_3_emdat" VALUES(41,6.19519993654474099287e+02,'608.524778190111','608.524778190111');
INSERT INTO "task_4_3_emdat" VALUES(42,-1,'608.524778190111','608.524778190111');
INSERT INTO "task_4_3_emdat" VALUES(43,-1,'608.524778190111','608.524778190111');
INSERT INTO "task_4_3_emdat" VALUES(44,-1,'608.524778190111','608.524778190111');
INSERT INTO "task_4_3_emdat" VALUES(45,-1,'608.524778190111','608.524778190111');
INSERT INTO "task_4_3_emdat" VALUES(46,-1,'608.524778190111','608.524778190111');
INSERT INTO "task_4_3_emdat" VALUES(47,-1,'608.524778190111','608.524778190111');
INSERT INTO "task_4_3_emdat" VALUES(48,-1,'608.524778190111','608.524778190111');
INSERT INTO "task_4_3_emdat" VALUES(49,-1,'608.524778190111','608.524778190111');
INSERT INTO "task_4_3_emdat" VALUES(50,675.716429471984,'616.923734600345','616.923734600345');
INSERT INTO "task_4_3_emdat" VALUES(51,-1,'616.923734600345','616.923734600345');
INSERT INTO "task_4_3_emdat" VALUES(52,-1,'616.923734600345','616.923734600345');
INSERT INTO "task_4_3_emdat" VALUES(53,-1,'616.923734600345','616.923734600345');
INSERT INTO "task_4_3_emdat" VALUES(54,-1,'616.923734600345','616.923734600345');
INSERT INTO "task_4_3_emdat" VALUES(55,-1,'616.923734600345','616.923734600345');
CREATE TABLE task_5_3_emdat ( `id` INTEGER, `interval_value` INTEGER, `task_value` TEXT, `runtime_value` TEXT, PRIMARY KEY(`id`) );
INSERT INTO "task_5_3_emdat" VALUES(2,-1,'-1','-1');
INSERT INTO "task_5_3_emdat" VALUES(3,-1,'-1','-1');
INSERT INTO "task_5_3_emdat" VALUES(4,1.67936813720148636619e+00,'1.67936813720149','1.67936813720149');
INSERT INTO "task_5_3_emdat" VALUES(5,-1,'1.67936813720149','1.67936813720149');
INSERT INTO "task_5_3_emdat" VALUES(6,-1,'1.67936813720149','1.67936813720149');
INSERT INTO "task_5_3_emdat" VALUES(7,-1,'1.67936813720149','1.67936813720149');
INSERT INTO "task_5_3_emdat" VALUES(8,-1,'1.67936813720149','1.67936813720149');
INSERT INTO "task_5_3_emdat" VALUES(9,-1,'1.67936813720149','1.67936813720149');
INSERT INTO "task_5_3_emdat" VALUES(10,-1,'1.67936813720149','1.67936813720149');
INSERT INTO "task_5_3_emdat" VALUES(11,-1,'1.67936813720149','1.67936813720149');
INSERT INTO "task_5_3_emdat" VALUES(12,-1,'1.67936813720149','1.67936813720149');
INSERT INTO "task_5_3_emdat" VALUES(13,-1,'1.67936813720149','1.67936813720149');
INSERT INTO "task_5_3_emdat" VALUES(14,-1,'1.67936813720149','1.67936813720149');
INSERT INTO "task_5_3_emdat" VALUES(15,-1,'1.67936813720149','1.67936813720149');
INSERT INTO "task_5_3_emdat" VALUES(16,-1,'1.67936813720149','1.67936813720149');
INSERT INTO "task_5_3_emdat" VALUES(17,-1,'1.67936813720149','1.67936813720149');
INSERT INTO "task_5_3_emdat" VALUES(18,-1,'1.67936813720149','1.67936813720149');
INSERT INTO "task_5_3_emdat" VALUES(19,-1,'1.67936813720149','1.67936813720149');
INSERT INTO "task_5_3_emdat" VALUES(20,-1,'1.67936813720149','1.67936813720149');
INSERT INTO "task_5_3_emdat" VALUES(21,-1,'1.67936813720149','1.67936813720149');
INSERT INTO "task_5_3_emdat" VALUES(22,-1,'1.67936813720149','1.67936813720149');
INSERT INTO "task_5_3_emdat" VALUES(23,-1,'1.67936813720149','1.67936813720149');
INSERT INTO "task_5_3_emdat" VALUES(24,-1,'1.67936813720149','1.67936813720149');
INSERT INTO "task_5_3_emdat" VALUES(25,1.94965412027047193532e-01,'2.37045927700558','2.37045927700558');
INSERT INTO "task_5_3_emdat" VALUES(26,-1,'2.37045927700558','2.37045927700558');
INSERT INTO "task_5_3_emdat" VALUES(27,0.328533196852512,'2.06177448753871','2.06177448753871');
INSERT INTO "task_5_3_emdat" VALUES(28,-1,'2.06177448753871','2.06177448753871');
INSERT INTO "task_5_3_emdat" VALUES(29,2.7252814840376418104e-01,'3.14944745123041','3.14944745123041');
INSERT INTO "task_5_3_emdat" VALUES(30,1.504538268026747172e+00,'3.61913884946479','3.61913884946479');
INSERT INTO "task_5_3_emdat" VALUES(31,-1,'3.61913884946479','3.61913884946479');
INSERT INTO "task_5_3_emdat" VALUES(32,-1,'3.61913884946479','3.61913884946479');
INSERT INTO "task_5_3_emdat" VALUES(33,-1,'3.61913884946479','3.61913884946479');
INSERT INTO "task_5_3_emdat" VALUES(34,-1,'3.61913884946479','3.61913884946479');
INSERT INTO "task_5_3_emdat" VALUES(35,-1,'3.61913884946479','3.61913884946479');
INSERT INTO "task_5_3_emdat" VALUES(36,-1,'3.61913884946479','3.61913884946479');
INSERT INTO "task_5_3_emdat" VALUES(37,-1,'3.61913884946479','3.61913884946479');
INSERT INTO "task_5_3_emdat" VALUES(38,-1,'3.61913884946479','3.61913884946479');
INSERT INTO "task_5_3_emdat" VALUES(39,-1,'3.61913884946479','3.61913884946479');
INSERT INTO "task_5_3_emdat" VALUES(40,7.1493992016139786827e-01,'3.8718479322592','3.8718479322592');
INSERT INTO "task_5_3_emdat" VALUES(41,6.71671364532451597995e-01,'3.69549903676909','3.69549903676909');
INSERT INTO "task_5_3_emdat" VALUES(42,-1,'3.69549903676909','3.69549903676909');
INSERT INTO "task_5_3_emdat" VALUES(43,-1,'3.69549903676909','3.69549903676909');
INSERT INTO "task_5_3_emdat" VALUES(44,-1,'3.68189058883291','3.68189058883291');
INSERT INTO "task_5_3_emdat" VALUES(45,-1,'3.68189058883291','3.68189058883291');
INSERT INTO "task_5_3_emdat" VALUES(46,4.8972742992761855163e-01,'3.2216352760242','3.2216352760242');
INSERT INTO "task_5_3_emdat" VALUES(47,-1,'3.2216352760242','3.2216352760242');
INSERT INTO "task_5_3_emdat" VALUES(48,-1,'3.2216352760242','3.2216352760242');
INSERT INTO "task_5_3_emdat" VALUES(49,-1,'3.2216352760242','3.2216352760242');
INSERT INTO "task_5_3_emdat" VALUES(50,3.1295171222679432077e+00,'13.666499009504','13.666499009504');
INSERT INTO "task_5_3_emdat" VALUES(51,-1,'13.666499009504','13.666499009504');
INSERT INTO "task_5_3_emdat" VALUES(52,-1,'13.666499009504','13.666499009504');
INSERT INTO "task_5_3_emdat" VALUES(53,1.4154117892899957809e+00,'25.5850180955098','25.5850180955098');
INSERT INTO "task_5_3_emdat" VALUES(54,7.12835805691254975613e-01,'30.2504351652961','30.2504351652961');
INSERT INTO "task_5_3_emdat" VALUES(55,1.70555422681928252615e+00,'30.6034794029589','30.6034794029589');
CREATE TABLE `task_state` (
        `property`      TEXT NOT NULL,
        `value` INTEGER,
        PRIMARY KEY(`property`)
);
CREATE TABLE "user_state" (
	`event_name`	TEXT NOT NULL,
	`type`	TEXT,
	`aoi`	TEXT,
	`feature`	TEXT,
	PRIMARY KEY(`event_name`)
);
INSERT INTO "user_state" VALUES('text_fix','fix','text','');
INSERT INTO "user_state" VALUES('pupil','emdat','vis','meanpupilsize');
INSERT INTO "user_state" VALUES('reading_proficiency','ml','',NULL);
INSERT INTO "user_state" VALUES('bad_type','same','text',NULL);
INSERT INTO "user_state" VALUES('vis_fix','fix','vis',NULL);
INSERT INTO "user_state" VALUES('text_1_emdat','emdat','text_1','meanpupilsize');
INSERT INTO "user_state" VALUES('text_2_emdat','emdat','text_2','meanpupilvelocity');
INSERT INTO "user_state" VALUES('task_1_fixrate','emdat','text','fixationrate');
INSERT INTO "user_state" VALUES('task_1_3_emdat','emdat','t3_aoi1','fixationrate');
INSERT INTO "user_state" VALUES('task_2_3_emdat','emdat','t3_aoi2','meanpupilvelocity');
INSERT INTO "user_state" VALUES('task_3_3_emdat','emdat','t3_aoi3','meanpupilsize');
INSERT INTO "user_state" VALUES('task_4_3_emdat','emdat','t3_aoi4','meandistance');
INSERT INTO "user_state" VALUES('task_5_3_emdat','emdat','t3_aoi5','stddevdistance');
CREATE TABLE "user_state_task" (
        `event_name`    TEXT,
        `task`  INTEGER,
        PRIMARY KEY(`event_name`,`task`)
);
INSERT INTO "user_state_task" VALUES('text_fix',1);
INSERT INTO "user_state_task" VALUES('pupil',2);
INSERT INTO "user_state_task" VALUES('pupil',1);
INSERT INTO "user_state_task" VALUES('reading_proficiency',1);
INSERT INTO "user_state_task" VALUES('reading_proficiency',2);
INSERT INTO "user_state_task" VALUES('vis_fix',1);
INSERT INTO "user_state_task" VALUES('task_1_3_emdat',3);
INSERT INTO "user_state_task" VALUES('task_1_fixrate',1);
INSERT INTO "user_state_task" VALUES('task_2_3_emdat',3);
INSERT INTO "user_state_task" VALUES('task_3_3_emdat',3);
INSERT INTO "user_state_task" VALUES('task_4_3_emdat',3);
INSERT INTO "user_state_task" VALUES('task_5_3_emdat',3);
COMMIT;
