BEGIN TRANSACTION;
CREATE TABLE "aoi" (
        `name`  TEXT NOT NULL,
        `task`  INTEGER NOT NULL,
        `dynamic`       INTEGER,
        `polygon`       BLOB,
        PRIMARY KEY(`name`,`task`)
);
INSERT INTO "aoi" VALUES('text',1,1,'[(0,0),(300,0),(300,300),(0,300)]');
INSERT INTO "aoi" VALUES('text',2,1,'[(0,0),(200,0),(0,200),(200,200)]
');
INSERT INTO "aoi" VALUES('vis',2,1,'[(1000,800),(1280,800),(1280,1080),(1000,1080)]');
INSERT INTO "aoi" VALUES('t3_aoi1',3,1,'[(0,0),(200,0),(0,200),(200,200)]');
INSERT INTO "aoi" VALUES('t3_aoi2',3,1,'[(1000,800),(1280,800),(1280,1080),(1000,1080)]');
INSERT INTO "aoi" VALUES('t3_aoi3',3,1,'[(300,300),(300,600),(600,300),(600,600)]');
INSERT INTO "aoi" VALUES('t3_aoi4',3,1,'[(800,300),(800,500),(1000,300),(1000,500)]');
INSERT INTO "aoi" VALUES('t3_aoi5',3,1,'[(1000, 0),(1000,200),(1280,0),(1280,200)]');
INSERT INTO "aoi" VALUES('t4_aoi1',4,1,'[(0,0),(200,0),(0,200),(200,200)]');
INSERT INTO "aoi" VALUES('t4_aoi2',4,1,'[(1000,800),(1280,800),(1280,1080),(1000,1080)]');
INSERT INTO "aoi" VALUES('t4_aoi3',4,1,'[(300,300),(300,600),(600,300),(600,600)]');
INSERT INTO "aoi" VALUES('t4_aoi4',4,1,'[(800,300),(800,500),(1000,300),(1000,500)]');
INSERT INTO "aoi" VALUES('t4_aoi5',4,1,'[(1000, 0),(1000,200),(1280,0),(1280,200)]');
INSERT INTO "aoi" VALUES('t4_aoi6',4,1,'[(600,600),(800,600),(600,800),(800,800)]');
INSERT INTO "aoi" VALUES('t4_aoi7',4,1,'[(300,900),(300,1100),(500,900),(500,1100)]');
INSERT INTO "aoi" VALUES('vis',1,1,'[(1000,800),(1280,800),(1280,1080),(1000,1080)]');
CREATE TABLE "aoi_state" (
        `aoi`   TEXT,
        `task`  INTEGER,
        `active`        INTEGER,
        PRIMARY KEY(`aoi`)
);
CREATE TABLE intervention_state ( `intervention` TEXT, `active` INTEGER, time_stamp INTEGER, occurences INTEGER, PRIMARY KEY(`intervention`));
INSERT INTO "intervention_state" VALUES('intervention_2',0,1531867652351208,5);
INSERT INTO "intervention_state" VALUES('intervention_1',0,1531867643324914,2);
CREATE TABLE pupil ( `id` INTEGER, `interval_value` INTEGER, `task_value` TEXT, `runtime_value` TEXT, PRIMARY KEY(`id`) );
INSERT INTO "pupil" VALUES(2,3.34334023444207151243e+00,'3.34334023444207','3.34334023444207');
INSERT INTO "pupil" VALUES(3,3.30756105695452,'3.334921604445','3.334921604445');
INSERT INTO "pupil" VALUES(4,3.62713623046875,'3.33735672632853','3.33735672632853');
INSERT INTO "pupil" VALUES(5,3.18439427475256442434e+00,'3.2754885387184','3.2754885387184');
INSERT INTO "pupil" VALUES(6,3.48063186119342660163e+00,'3.34420816654419','3.34420816654419');
INSERT INTO "pupil" VALUES(7,-1,'3.34420816654419','3.34420816654419');
INSERT INTO "pupil" VALUES(8,-1,'3.34420816654419','3.34420816654419');
INSERT INTO "pupil" VALUES(9,-1,'3.34420816654419','3.34420816654419');
INSERT INTO "pupil" VALUES(10,-1,'3.34420816654419','3.34420816654419');
INSERT INTO "pupil" VALUES(11,-1,'3.34420816654419','3.34420816654419');
INSERT INTO "pupil" VALUES(12,-1,'3.34420816654419','3.34420816654419');
INSERT INTO "pupil" VALUES(13,-1,'3.34420816654419','3.34420816654419');
INSERT INTO "pupil" VALUES(14,-1,'3.34420816654419','3.34420816654419');
INSERT INTO "pupil" VALUES(15,-1,'3.34420816654419','3.34420816654419');
INSERT INTO "pupil" VALUES(16,-1,'3.34420816654419','3.34420816654419');
INSERT INTO "pupil" VALUES(17,-1,'3.34420816654419','3.34420816654419');
INSERT INTO "pupil" VALUES(18,-1,'3.34420816654419','3.34420816654419');
INSERT INTO "pupil" VALUES(19,-1,'3.34420816654419','3.34420816654419');
INSERT INTO "pupil" VALUES(20,-1,'3.34420816654419','3.34420816654419');
INSERT INTO "pupil" VALUES(21,-1,'3.34420816654419','3.34420816654419');
INSERT INTO "pupil" VALUES(22,-1,'3.34420816654419','3.34420816654419');
INSERT INTO "pupil" VALUES(23,-1,'3.34420816654419','3.34420816654419');
INSERT INTO "pupil" VALUES(24,-1,'3.34420816654419','3.34420816654419');
INSERT INTO "pupil" VALUES(25,-1,'3.34420816654419','3.34420816654419');
INSERT INTO "pupil" VALUES(26,-1,'3.34420816654419','3.34420816654419');
INSERT INTO "pupil" VALUES(27,-1,'3.34420816654419','3.34420816654419');
INSERT INTO "pupil" VALUES(28,-1,'3.34420816654419','3.34420816654419');
INSERT INTO "pupil" VALUES(29,-1,'3.34420816654419','3.34420816654419');
INSERT INTO "pupil" VALUES(30,-1,'3.34420816654419','3.34420816654419');
INSERT INTO "pupil" VALUES(31,-1,'3.34420816654419','3.34420816654419');
INSERT INTO "pupil" VALUES(32,-1,'3.34420816654419','3.34420816654419');
INSERT INTO "pupil" VALUES(33,-1,'3.34420816654419','3.34420816654419');
INSERT INTO "pupil" VALUES(34,-1,'3.34420816654419','3.34420816654419');
INSERT INTO "pupil" VALUES(35,-1,'3.34420816654419','3.34420816654419');
INSERT INTO "pupil" VALUES(36,-1,'3.34420816654419','3.34420816654419');
INSERT INTO "pupil" VALUES(37,-1,'3.34646734649306','3.34420816654419');
INSERT INTO "pupil" VALUES(38,-1,'3.34646734649306','3.34420816654419');
INSERT INTO "pupil" VALUES(39,-1,'3.34646734649306','3.34420816654419');
INSERT INTO "pupil" VALUES(40,-1,'3.34646734649306','3.34420816654419');
INSERT INTO "pupil" VALUES(41,-1,'3.34646734649306','3.34420816654419');
INSERT INTO "pupil" VALUES(42,-1,'3.34646734649306','3.34420816654419');
INSERT INTO "pupil" VALUES(43,-1,'3.34646734649306','3.34420816654419');
INSERT INTO "pupil" VALUES(44,-1,'3.34646734649306','3.34420816654419');
INSERT INTO "pupil" VALUES(45,-1,'3.34646734649306','3.34420816654419');
INSERT INTO "pupil" VALUES(46,-1,'3.34372218397797','3.34420816654419');
INSERT INTO "pupil" VALUES(47,-1,'3.34372218397797','3.34420816654419');
INSERT INTO "pupil" VALUES(48,-1,'3.33868949241887','3.34420816654419');
INSERT INTO "pupil" VALUES(49,-1,'3.33868949241887','3.34420816654419');
INSERT INTO "pupil" VALUES(50,-1,'3.33868949241887','3.34420816654419');
INSERT INTO "pupil" VALUES(51,-1,'3.33868949241887','3.34420816654419');
INSERT INTO "pupil" VALUES(52,-1,'3.33868949241887','3.34420816654419');
CREATE TABLE reading_proficiency ( `id` INTEGER, `time_stamp` INTEGER, `raw_prediction` REAL, `value` TEXT, PRIMARY KEY(`id`) );
CREATE TABLE rule_state ( `rule` TEXT, time_stamp INTEGER, occurences INTEGER, PRIMARY KEY(`rule`));
INSERT INTO "rule_state" VALUES('rule_3',1531867652351208,5);
INSERT INTO "rule_state" VALUES('rule_1',1531867570574868,1);
INSERT INTO "rule_state" VALUES('rule_2',1531867643324914,1);
CREATE TABLE `task_state` (
        `property`      TEXT NOT NULL,
        `value` INTEGER,
        PRIMARY KEY(`property`)
);
CREATE TABLE text_fix ( `id` INTEGER, `time_start` INTEGER, `time_end` INTEGER, `duration` INTEGER, PRIMARY KEY(`id`) );
INSERT INTO "text_fix" VALUES(2,1531867564879169,1531867565795184,916015);
INSERT INTO "text_fix" VALUES(4,1531867569783731,1531867570574868,791137);
INSERT INTO "text_fix" VALUES(13,1531867642700503,1531867643324914,624411);
INSERT INTO "text_fix" VALUES(16,1531867645806309,1531867646131151,324842);
INSERT INTO "text_fix" VALUES(21,1531867651884897,1531867652351208,466311);
CREATE TABLE "user_state" (
	`event_name`	TEXT NOT NULL,
	`type`	TEXT,
	`aoi`	TEXT,
	`feature`	TEXT,
	PRIMARY KEY(`event_name`)
);
INSERT INTO "user_state" VALUES('text_fix','fix','text','');
INSERT INTO "user_state" VALUES('pupil','emdat','vis','meanpupilsize');
INSERT INTO "user_state" VALUES('reading_proficiency','ml','',NULL);
INSERT INTO "user_state" VALUES('vis_fix','fix','vis',NULL);
INSERT INTO "user_state" VALUES('text_1_emdat','emdat','text_1','meanpupilsize');
INSERT INTO "user_state" VALUES('text_2_emdat','emdat','text_2','meanpupilvelocity');
INSERT INTO "user_state" VALUES('task_1_fixrate','emdat','text','fixationrate');
INSERT INTO "user_state" VALUES('task_1_3_emdat','emdat','t3_aoi1','fixationrate');
INSERT INTO "user_state" VALUES('task_2_3_emdat','emdat','t3_aoi2','meanpupilvelocity');
INSERT INTO "user_state" VALUES('task_3_3_emdat','emdat','t3_aoi3','meanpupilsize');
INSERT INTO "user_state" VALUES('task_4_3_emdat','emdat','t3_aoi4','meandistance');
INSERT INTO "user_state" VALUES('task_5_3_emdat','emdat','t3_aoi5','stddevdistance');
INSERT INTO "user_state" VALUES('task_1_4_emdat','emdat','t4_aoi1','meanpupilvelocity');
INSERT INTO "user_state" VALUES('task_2_4_emdat','emdat','t4_aoi2','meanpupilsize');
INSERT INTO "user_state" VALUES('task_3_4_emdat','emdat','t4_aoi3','meandistance');
INSERT INTO "user_state" VALUES('task_4_4_emdat','emdat','t4_aoi4','stddevdistance');
INSERT INTO "user_state" VALUES('task_5_4_emdat','emdat','t4_aoi5','fixationrate');
INSERT INTO "user_state" VALUES('task_6_4_emdat','emdat','t4_aoi6','meanfixationduration');
INSERT INTO "user_state" VALUES('task_7_4_emdat','emdat','t4_aoi7','stddevfixationduration');
INSERT INTO "user_state" VALUES('bad_type','same','text',NULL);
CREATE TABLE "user_state_task" (
        `event_name`    TEXT,
        `task`  INTEGER,
        PRIMARY KEY(`event_name`,`task`)
);
INSERT INTO "user_state_task" VALUES('text_fix',1);
INSERT INTO "user_state_task" VALUES('pupil',2);
INSERT INTO "user_state_task" VALUES('pupil',1);
INSERT INTO "user_state_task" VALUES('reading_proficiency',1);
INSERT INTO "user_state_task" VALUES('reading_proficiency',2);
INSERT INTO "user_state_task" VALUES('vis_fix',1);
INSERT INTO "user_state_task" VALUES('task_1_3_emdat',3);
INSERT INTO "user_state_task" VALUES('task_2_3_emdat',3);
INSERT INTO "user_state_task" VALUES('task_3_3_emdat',3);
INSERT INTO "user_state_task" VALUES('task_4_3_emdat',3);
INSERT INTO "user_state_task" VALUES('task_5_3_emdat',3);
INSERT INTO "user_state_task" VALUES('task_1_4_emdat',4);
INSERT INTO "user_state_task" VALUES('task_2_4_emdat',4);
INSERT INTO "user_state_task" VALUES('task_3_4_emdat',4);
INSERT INTO "user_state_task" VALUES('task_4_4_emdat',4);
INSERT INTO "user_state_task" VALUES('task_5_4_emdat',4);
INSERT INTO "user_state_task" VALUES('task_6_4_emdat',4);
INSERT INTO "user_state_task" VALUES('task_7_4_emdat',4);
INSERT INTO "user_state_task" VALUES('bad_type',1024);
INSERT INTO "user_state_task" VALUES('task_2_2',2);
CREATE TABLE vis_fix ( `id` INTEGER, `time_start` INTEGER, `time_end` INTEGER, `duration` INTEGER, PRIMARY KEY(`id`) );
INSERT INTO "vis_fix" VALUES(1,1531867562689217,1531867563122281,433064);
INSERT INTO "vis_fix" VALUES(3,1531867567377318,1531867568276557,899239);
INSERT INTO "vis_fix" VALUES(5,1531867576161977,1531867576353463,191486);
INSERT INTO "vis_fix" VALUES(6,1531867597669791,1531867597936132,266341);
INSERT INTO "vis_fix" VALUES(7,1531867624897978,1531867625022827,124849);
INSERT INTO "vis_fix" VALUES(8,1531867625156059,1531867625389147,233088);
INSERT INTO "vis_fix" VALUES(9,1531867632083957,1531867632217063,133106);
INSERT INTO "vis_fix" VALUES(10,1531867639453137,1531867639686340,233203);
INSERT INTO "vis_fix" VALUES(11,1531867639702962,1531867639836198,133236);
INSERT INTO "vis_fix" VALUES(12,1531867639844440,1531867640069409,224969);
INSERT INTO "vis_fix" VALUES(14,1531867644632477,1531867644815583,183106);
INSERT INTO "vis_fix" VALUES(15,1531867644882201,1531867645023676,141475);
INSERT INTO "vis_fix" VALUES(17,1531867647588314,1531867648054642,466328);
INSERT INTO "vis_fix" VALUES(18,1531867648063127,1531867648187852,124725);
INSERT INTO "vis_fix" VALUES(19,1531867650435998,1531867650585972,149974);
INSERT INTO "vis_fix" VALUES(20,1531867650594478,1531867650860828,266350);
INSERT INTO "vis_fix" VALUES(22,1531867658546253,1531867658671116,124863);
INSERT INTO "vis_fix" VALUES(23,1531867658812708,1531867659004175,191467);
COMMIT;
